jaar,1890,1900,1910,1920,1930,1940,1950,1960,1970,1980
een jaar geleden,23.0,48.0,70.0,147.0,597.0,78.0,199.0,368.0,559.0,481.0
twee jaar geleden,20.0,25.0,41.0,53.0,206.0,33.0,157.0,423.0,868.0,936.0
twintig jaar geleden,15.0,6.0,9.0,39.0,90.0,25.0,42.0,63.0,127.0,181.0
paar jaar geleden,13.0,15.0,16.0,25.0,42.0,20.0,34.0,133.0,288.0,298.0
het jaar geleden,13.0,28.0,21.0,26.0,62.0,11.0,25.0,21.0,27.0,20.0
vier jaar geleden,9.0,2.0,8.0,20.0,68.0,8.0,42.0,139.0,339.0,357.0
drie jaar geleden,8.0,15.0,16.0,31.0,97.0,17.0,77.0,209.0,453.0,439.0
dertig jaar geleden,7.0,5.0,4.0,12.0,51.0,16.0,30.0,55.0,59.0,92.0
ongeveer jaar geleden,7.0,3.0,2.0,11.0,27.0,5.0,4.0,12.0,9.0,6.0
tien jaar geleden,6.0,12.0,12.0,30.0,114.0,25.0,65.0,180.0,387.0,459.0
hij jaar geleden,5.0,20.0,8.0,21.0,32.0,3.0,14.0,16.0,15.0,12.0
honderd jaar geleden,5.0,6.0,11.0,19.0,57.0,15.0,23.0,54.0,63.0,59.0
acht jaar geleden,5.0,3.0,3.0,10.0,25.0,5.0,13.0,56.0,100.0,107.0
veertig jaar geleden,4.0,5.0,3.0,11.0,62.0,15.0,23.0,45.0,63.0,63.0
half jaar geleden,4.0,4.0,6.0,19.0,33.0,3.0,26.0,71.0,134.0,138.0
bet jaar geleden,4.0,,2.0,4.0,,,,,,
vijftien jaar geleden,3.0,2.0,3.0,12.0,26.0,2.0,11.0,40.0,102.0,93.0
eea jaar geleden,3.0,3.0,2.0,4.0,3.0,,,,,
vijftig jaar geleden,3.0,4.0,4.0,17.0,62.0,16.0,19.0,44.0,48.0,55.0
zestig jaar geleden,3.0,1.0,1.0,7.0,12.0,6.0,9.0,12.0,27.0,15.0
100 jaar geleden,3.0,,3.0,4.0,11.0,2.0,12.0,26.0,19.0,28.0
hst jaar geleden,3.0,,,,,,,,,
geen jaar geleden,2.0,1.0,2.0,5.0,11.0,5.0,2.0,7.0,22.0,11.0
juist jaar geleden,2.0,4.0,1.0,6.0,16.0,2.0,5.0,2.0,2.0,
heden jaar geleden,2.0,3.0,1.0,1.0,3.0,,1.0,,,
vijf jaar geleden,2.0,6.0,12.0,21.0,79.0,9.0,54.0,105.0,280.0,297.0
zal jaar geleden,2.0,1.0,1.0,1.0,2.0,,,,,
als jaar geleden,2.0,1.0,1.0,1.0,3.0,,4.0,2.0,8.0,4.0
van jaar geleden,2.0,3.0,2.0,10.0,11.0,4.0,15.0,16.0,38.0,32.0
amp jaar geleden,2.0,,,,,,,,,
ruim jaar geleden,2.0,3.0,4.0,4.0,6.0,3.0,13.0,16.0,36.0,27.0
zes jaar geleden,2.0,1.0,3.0,9.0,28.0,2.0,24.0,99.0,128.0,140.0
waarop jaar geleden,2.0,2.0,2.0,,2.0,1.0,3.0,,,
vóór jaar geleden,2.0,,,1.0,,,,,,
dertien jaar geleden,2.0,1.0,1.0,1.0,10.0,2.0,4.0,8.0,25.0,28.0
die jaar geleden,1.0,2.0,4.0,7.0,14.0,3.0,23.0,36.0,43.0,61.0
tbn jaar geleden,1.0,,,,,,,,,
twte jaar geleden,1.0,,,,,,,1.0,,
vgftien jaar geleden,1.0,,,,,,,,,
juni jaar geleden,1.0,,,,1.0,,,,,
üuco jaar geleden,1.0,,,,,,,,,
tevens jaar geleden,1.0,1.0,,,1.0,,1.0,1.0,,
zee jaar geleden,1.0,,,,,,,,,
oiiuiag jaar geleden,1.0,,,,,,,,,
twa jaar geleden,1.0,1.0,,,,,,,,
tachtig jaar geleden,1.0,,1.0,2.0,5.0,3.0,3.0,,3.0,4.0
klein halfjaar geleden,1.0,,,,,,,,1.0,
tot jaar geleden,1.0,,,,1.0,,1.0,,1.0,9.0
één jaar geleden,1.0,,1.0,1.0,4.0,,1.0,2.0,8.0,5.0
maart jaar geleden,1.0,,,1.0,,,,,,
dan jaar geleden,1.0,2.0,5.0,6.0,15.0,4.0,8.0,9.0,12.0,13.0
dertij jaar geleden,1.0,,,,,,,,,
liet jaar geleden,1.0,1.0,,,1.0,,2.0,,,
derd jaar geleden,1.0,,,,,,,,1.0,1.0
reeds jaar geleden,1.0,,3.0,4.0,8.0,3.0,4.0,6.0,3.0,2.0
heeft jaar geleden,1.0,,,,4.0,,2.0,2.0,1.0,3.0
paa jaar geleden,1.0,,,,,,,,,
ken jaar geleden,1.0,,,9.0,9.0,1.0,,1.0,2.0,2.0
vijtiig jaar geleden,1.0,,,,,,,,,
rnim jaar geleden,1.0,,,,,,,,,
dat jaar geleden,1.0,5.0,3.0,5.0,17.0,2.0,15.0,21.0,27.0,21.0
300 jaar geleden,1.0,1.0,,2.0,5.0,3.0,3.0,8.0,12.0,11.0
vijfentwintig jaar geleden,1.0,3.0,3.0,,2.0,,10.0,9.0,31.0,22.0
ien jaar geleden,1.0,,1.0,,1.0,,,,1.0,
rdftig jaar geleden,1.0,,,,,,,,,
hadden jaar geleden,1.0,,,,,,,1.0,,
ploegbaas jaar geleden,1.0,,,,,,,,,
zevenhonderd jaar geleden,1.0,,,,,1.0,1.0,,1.0,
zrj jaar geleden,1.0,,,,,,,,,
sul jaar geleden,1.0,,,,,,,,,
jjjaar jaar geleden,1.0,,,,,,,,,
anderhalf jaar geleden,1.0,1.0,5.0,14.0,33.0,4.0,27.0,74.0,163.0,136.0
voor jaar geleden,1.0,,,1.0,,,,,1.0,
bijna jaar geleden,1.0,,1.0,5.0,2.0,2.0,8.0,13.0,8.0,10.0
dai jaar geleden,1.0,,,,,,,,,
van rtjaar geleden,1.0,,,,,,,,,
zestien jaar geleden,1.0,,,1.0,4.0,1.0,2.0,9.0,13.0,23.0
tra jaar geleden,1.0,,,1.0,,,,,,
eeu jaar geleden,1.0,,,,2.0,,,,,
éntwintig jaar geleden,1.0,,,,,,,,,
omd jaar geleden,1.0,,,,,,,,,
vyftig jaar geleden,1.0,,,,,1.0,,1.0,,
ruiiu jaar geleden,1.0,,,,,,,,,
esiig jaar geleden,1.0,,,,,,,,,
vijfentvviiitig jaar geleden,1.0,,,,,,,,,
uteei jaar geleden,1.0,,,,,,,,,
rüftig jaar geleden,1.0,,,,,,,,,
zooveel jaar geleden,1.0,,,,,,,,,
echoaoiidri jaar geleden,1.0,,,,,,,,,
tier jaar geleden,1.0,,1.0,,,,,1.0,,
lngelanddertig jaar geleden,1.0,,,,,,,,,
tüfenlwintig jaar geleden,1.0,,,,,,,,,
sarissontwee jaar geleden,1.0,,,,,,,,,
hat jaar geleden,1.0,,,,,,,,,
ook jaar geleden,1.0,,,1.0,2.0,,1.0,2.0,3.0,
kenentwintig jaar geleden,1.0,,,,,,,,,
fentwintig jaar geleden,1.0,,,,,,,,,
lerd jaar geleden,1.0,,,,,,,,,
gisteren jaar geleden,1.0,,,,,,,,2.0,
achttien jaar geleden,1.0,1.0,,3.0,8.0,,3.0,7.0,11.0,5.0
werden jaar geleden,1.0,,,1.0,,,,1.0,1.0,
zeven jaar geleden,,5.0,4.0,4.0,22.0,4.0,24.0,37.0,102.0,103.0
ecu jaar geleden,,2.0,,1.0,1.0,,,,,
vijl jaar geleden,,2.0,1.0,,,,,2.0,,
men jaar geleden,,2.0,,2.0,1.0,2.0,1.0,2.0,2.0,1.0
anderhall jaar geleden,,2.0,,,,,,,3.0,
negen jaar geleden,,2.0,4.0,8.0,15.0,,14.0,18.0,35.0,38.0
paai jaar geleden,,2.0,,,1.0,,1.0,1.0,,
dus jaar geleden,,2.0,1.0,,5.0,1.0,1.0,2.0,,1.0
bel jaar geleden,,1.0,,,,,,,,
t7j jaar geleden,,1.0,,,,,,,,
iin jaar geleden,,1.0,,,,,,,,
jaar jaar geleden,,1.0,,1.0,2.0,,1.0,1.0,3.0,1.0
zij jaar geleden,,1.0,,2.0,8.0,1.0,3.0,10.0,12.0,8.0
iwie jaar geleden,,1.0,,,,,,,,
toen jaar geleden,,1.0,1.0,,2.0,1.0,,5.0,5.0,6.0
vnn jaar geleden,,1.0,,,,,,,,
nederl jaar geleden,,1.0,,,,,,,,
bho jaar geleden,,1.0,,,,,,,,
zll jaar geleden,,1.0,,,,,,,,
hel jaar geleden,,1.0,,,1.0,,,,,
naar jaar geleden,,1.0,,,1.0,,,1.0,,1.0
deze 26jaar geleden,,1.0,,,,,,,,
nmoeder jaar geleden,,1.0,,,,,,,,
ïoo jaar geleden,,1.0,,,,,,,,
esa jaar geleden,,1.0,,,,,,,,
maar jaar geleden,,1.0,,,1.0,,1.0,4.0,1.0,4.0
zijn jaar geleden,,1.0,,3.0,,,1.0,1.0,2.0,2.0
twaalfeneenhalf jaar geleden,,1.0,1.0,,,,1.0,1.0,,
and jaar geleden,,1.0,,,,,,,,
lenacht jaar geleden,,1.0,,,,,,,,
rtig jaar geleden,,1.0,,,1.0,,,,,
was jaar geleden,,1.0,,4.0,4.0,,5.0,10.0,4.0,14.0
dtie jaar geleden,,1.0,,,,,,,,
veettig jaar geleden,,1.0,,,,,,,,
november jaar geleden,,1.0,,,,,,,,1.0
ande halfjaar geleden,,1.0,,,,,,,,
bekende jaar geleden,,1.0,,,,,,,,
driehonderd jaar geleden,,1.0,,2.0,4.0,,2.0,5.0,4.0,5.0
isoi jaar geleden,,1.0,,,,,,,,
evenals jaar geleden,,1.0,,1.0,,,1.0,2.0,,
1000 jaar geleden,,1.0,,,,,1.0,,1.0,
190 jaar geleden,,1.0,,,,,,,,
bonden jaar geleden,,1.0,,,,,,,,
itn jaar geleden,,1.0,,,,,,,,
afrekening eaajaar geleden,,1.0,,,,,,,,
andronir jaar geleden,,1.0,,,,,,,,
dna jaar geleden,,1.0,,,,,,,,
noorwt jaar geleden,,1.0,,,,,,,,
volk jaar geleden,,1.0,,,,1.0,,,,
t_rnod jaar geleden,,1.0,,,,,,,,
bij jaar geleden,,1.0,3.0,2.0,,,1.0,,1.0,
vijfenzeventig jaar geleden,,1.0,,,1.0,,,,1.0,
deitig jaar geleden,,1.0,,,,,,,,
tweo jaar geleden,,1.0,,1.0,,,,1.0,,
gmstig jaar geleden,,1.0,,,,,,,,
zeventig jaar geleden,,1.0,1.0,2.0,8.0,4.0,3.0,4.0,11.0,7.0
entwini gjaar geleden,,1.0,,,,,,,,
oageveer jaar geleden,,1.0,,,,,,,,
bal jaar geleden,,1.0,,,,,,,,
ijftier jaar geleden,,1.0,,,,,,,,
zoowat jaar geleden,,1.0,,,,,,,,
terveld jaar geleden,,1.0,,,,,,,,
lat jaar geleden,,1.0,,,,,,,,
schoosrea jaar geleden,,1.0,,,,,,,,
400 jaar geleden,,1.0,,1.0,2.0,1.0,4.0,12.0,12.0,12.0
ren jaar geleden,,1.0,,,2.0,1.0,,,1.0,
zevcncndertig jaar geleden,,1.0,,,,,,,,
april jaar geleden,,1.0,,,1.0,,1.0,,,
den jaar geleden,,1.0,,,,2.0,,,1.0,
zookit jaar geleden,,1.0,,,,,,,,
maand jaar geleden,,1.0,,2.0,,,,,3.0,
kleine jaar geleden,,1.0,1.0,1.0,1.0,,,1.0,1.0,1.0
wee jaar geleden,,1.0,,,,,1.0,2.0,,
blad lokijaar geleden,,1.0,,,,,,,,
bedes jaar geleden,,1.0,,,,,,,,
reeds vijfjaar geleden,,1.0,,,,,,,,
aritocratiehonderd jaar geleden,,1.0,,,,,,,,
cktg jaar geleden,,1.0,,,,,,,,
luiodu jaar geleden,,1.0,,,,,,,,
hoe jaar geleden,,1.0,1.0,,,,,,1.0,2.0
loenenbijna jaar geleden,,1.0,,,,,,,,
ytarar jaar geleden,,1.0,,,,,,,,
otenale jaar geleden,,1.0,,,,,,,,
andeihalt jaar geleden,,1.0,,,,,,,,
jubileum jaar geleden,,1.0,,,,,,,,
van vijfjaar geleden,,1.0,,,,,,,,
aaar jaar geleden,,1.0,,,,,,,,
beden jaar geleden,,1.0,,,,,,,,
soa jaar geleden,,1.0,,,,,,,,
elf jaar geleden,,1.0,,2.0,7.0,2.0,5.0,15.0,33.0,33.0
hens jaar geleden,,1.0,,,,,,,,
ree jaar geleden,,1.0,,,,,,,,
wij jaar geleden,,1.0,,,,,2.0,,,
donderdag jaar geleden,,1.0,1.0,,,,1.0,,,
werd jaar geleden,,1.0,,4.0,4.0,3.0,2.0,7.0,18.0,14.0
ben jaar geleden,,,2.0,,,,,,,1.0
tweehonderd jaar geleden,,,2.0,1.0,1.0,2.0,2.0,4.0,1.0,11.0
veertien jaar geleden,,,2.0,1.0,10.0,3.0,4.0,8.0,19.0,36.0
hebben jaar geleden,,,1.0,,,,,,,1.0
wltti jaar geleden,,,1.0,,,,,,,
tij jaar geleden,,,1.0,1.0,,,,,,
oen jaar geleden,,,1.0,3.0,2.0,,1.0,1.0,,
125 jaar geleden,,,1.0,,1.0,,1.0,1.0,4.0,4.0
171 jaar geleden,,,1.0,,,,,,,
janiari jaar geleden,,,1.0,,,,,,,
bvesale jaar geleden,,,1.0,,,,,,,
ïevan jaar geleden,,,1.0,,,,,,,
zich jaar geleden,,,1.0,1.0,,,1.0,3.0,4.0,3.0
eerj jaar geleden,,,1.0,,,,,,,
goed jaar geleden,,,1.0,1.0,4.0,1.0,1.0,5.0,4.0,1.0
tegen jaar geleden,,,1.0,,,,,,1.0,
klein jaar geleden,,,1.0,2.0,2.0,,1.0,1.0,5.0,5.0
dit jaar geleden,,,1.0,2.0,1.0,,1.0,2.0,1.0,1.0
negentienhonderd jaar geleden,,,1.0,,,,,1.0,,
dri jaar geleden,,,1.0,,,,1.0,,,
vijfentwintin jaar geleden,,,1.0,,,,,,,
geheeltwee jaar geleden,,,1.0,,,,,,,
vaa jaar geleden,,,1.0,,,,,,,
160 jaar geleden,,,1.0,,,,,1.0,,
kostte jaar geleden,,,1.0,,,,,,,2.0
beschermenpcht jaar geleden,,,1.0,,,,,,,
twintlg jaar geleden,,,1.0,,,,,,,
ssi jaar geleden,,,1.0,,,,,,,
tirpits jaar geleden,,,1.0,,,,,,,
ecn jaar geleden,,,1.0,,,,,,,
cobarget jaar geleden,,,1.0,,,,,,,
januari jaar geleden,,,1.0,,,,,,,
eer jaar geleden,,,1.0,2.0,1.0,,,,,
bestien jaar geleden,,,1.0,,,,,,,
loicuecudaif jaar geleden,,,1.0,,,,,,,
toevallig jaar geleden,,,1.0,,,,,,,
riuiend jaar geleden,,,1.0,,,,,,,
jonev jaar geleden,,,1.0,,,,,,,
keizer wiljaar geleden,,,1.0,,,,,,,
bondexd jaar geleden,,,1.0,,,,,,,
gebeurde jaar geleden,,,1.0,,,,,1.0,3.0,
wintig jaar geleden,,,1.0,,,,,,,
ses jaar geleden,,,1.0,,,,,,1.0,
vindenprie jaar geleden,,,1.0,,,,,,,
dno jaar geleden,,,1.0,,,,,,,
soo jaar geleden,,,1.0,,,,,,,
ziin jaar geleden,,,1.0,,,,,,,
laar jaar geleden,,,1.0,,,,,,,
binnenliepen jaar geleden,,,1.0,,,,,,,
ajti jaar geleden,,,1.0,,,,,,,
let jaar geleden,,,1.0,,,,,,,
heer jaar geleden,,,1.0,,,,1.0,,,
met jaar geleden,,,1.0,,,,,3.0,3.0,2.0
rul jaar geleden,,,1.0,,,,,,,
veroorsaken jaar geleden,,,1.0,,,,,,,
waar jaar geleden,,,1.0,2.0,,,,2.0,3.0,4.0
mat jaar geleden,,,1.0,,,,,,,
slechts jaar geleden,,,1.0,,1.0,,,1.0,,
betten jaar geleden,,,1.0,,,,,,,
eon jaar geleden,,,1.0,1.0,,,,,,
volrloealng jaar geleden,,,1.0,,,,,,,
uergambaclit jaar geleden,,,1.0,,,,,,,
bond jaar geleden,,,1.0,,,,,,,
ntig jaar geleden,,,1.0,,,,,,,1.0
dne jaar geleden,,,1.0,,,,,,,
deze jaar geleden,,,1.0,,,,1.0,1.0,1.0,2.0
500 jaar geleden,,,1.0,1.0,,,,4.0,4.0,4.0
308 jaar geleden,,,1.0,,,,,,,
gehouden jaar geleden,,,1.0,,,,,,,
bcv jaar geleden,,,1.0,,,,,,,
eindigde jaar geleden,,,1.0,,,,,,,
onderwijzers jaar geleden,,,1.0,,,,,,,
optwee jaar geleden,,,1.0,,,,,,,
oirevecr jaar geleden,,,1.0,,,,,,,
berustte jaar geleden,,,1.0,,,,,,,
twintie jaar geleden,,,1.0,,,,,,,
twiatig jaar geleden,,,1.0,,,,,,,
bekl jaar geleden,,,1.0,,,,,,,
vijftitr jaar geleden,,,1.0,,,,,,,
voortrekkers jaar geleden,,,1.0,,,,,,,
2914 jaar geleden,,,1.0,,,,,,,
groot jaar geleden,,,1.0,1.0,,,,,,
tweoeneerihnlf jaar geleden,,,1.0,,,,,,,
vin jaar geleden,,,1.0,,,,,,,
halt jaar geleden,,,1.0,,1.0,,1.0,,,
twès jaar geleden,,,1.0,,,,,,,
twe jaar geleden,,,1.0,2.0,,,,1.0,,1.0
hll jaar geleden,,,1.0,,,,,,,
arnhem jaar geleden,,,1.0,,,,,,,
twaalf jaar geleden,,,1.0,4.0,15.0,2.0,7.0,28.0,44.0,61.0
thans jaar geleden,,,,5.0,3.0,1.0,,1.0,1.0,
zeventien jaar geleden,,,,3.0,5.0,,2.0,10.0,16.0,13.0
juli jaar geleden,,,,3.0,,,,,,
150 jaar geleden,,,,2.0,6.0,1.0,4.0,10.0,10.0,25.0
duizend jaar geleden,,,,2.0,8.0,,1.0,2.0,2.0,4.0
130 jaar geleden,,,,2.0,,,,,,2.0
circa jaar geleden,,,,2.0,,,,,,3.0
200 jaar geleden,,,,2.0,3.0,1.0,4.0,4.0,10.0,16.0
eerst jaar geleden,,,,2.0,,,1.0,1.0,,
ontsnappentwee jaar geleden,,,,1.0,,,,,,
jubileert jaar geleden,,,,1.0,,,,,,
mortaliteit jaar geleden,,,,1.0,,,,,,
3035 jaar geleden,,,,1.0,,,,,,
140 jaar geleden,,,,1.0,,,,,,1.0
brug jaar geleden,,,,1.0,,,,,,
nagenoeg jaar geleden,,,,1.0,,,,,,
bef jaar geleden,,,,1.0,,,,,,
wtwee jaar geleden,,,,1.0,,,,,,
zea jaar geleden,,,,1.0,1.0,,,,,
650 jaar geleden,,,,1.0,,,,,2.0,
3000 jaar geleden,,,,1.0,2.0,,1.0,,6.0,2.0
twin jaar geleden,,,,1.0,,,,,,
noordzeekanaal jaar geleden,,,,1.0,,,,,,
won jaar geleden,,,,1.0,,,,,,
4050 jaar geleden,,,,1.0,,,,,1.0,
toec jaar geleden,,,,1.0,,,,,,
ol3o jaar geleden,,,,1.0,,,,,,
warenvijftig jaar geleden,,,,1.0,,,,,,
gustaven jaar geleden,,,,1.0,,,,,,
dag jaar geleden,,,,1.0,1.0,1.0,1.0,,,2.0
lift jaar geleden,,,,1.0,,,,,,
ongeveer éettïgjaar geleden,,,,1.0,,,,,,
uitkwam jaar geleden,,,,1.0,,,,,,
wintdertig jaar geleden,,,,1.0,,,,,,
wel jaar geleden,,,,1.0,,,,,1.0,1.0
millioen jaar geleden,,,,1.0,,,,,,
eet jaar geleden,,,,1.0,1.0,,,,,
lilveertig jaar geleden,,,,1.0,,,,,,
vrletwee jaar geleden,,,,1.0,,,,,,
tilburgtwee jaar geleden,,,,1.0,,,,,,
veeriï jaar geleden,,,,1.0,,,,,,
ton jaar geleden,,,,1.0,,,,,,
derüg jaar geleden,,,,1.0,,,,,,
hoofdassistenttwee jaar geleden,,,,1.0,,,,,,
slectrs jaar geleden,,,,1.0,,,,,,
coo jaar geleden,,,,1.0,,,,,,
len jaar geleden,,,,1.0,,,,1.0,,
october jaar geleden,,,,1.0,,,,,,
verzor omjaar geleden,,,,1.0,,,,,,
maatregel jaar geleden,,,,1.0,,,,,,
goed halfjaar geleden,,,,1.0,,,,,1.0,
gevoegd jaar geleden,,,,1.0,,,,,,
som jaar geleden,,,,1.0,,,,,,
haif jaar geleden,,,,1.0,1.0,,,,,
zat jaar geleden,,,,1.0,,,,,,
balf jaar geleden,,,,1.0,,,,,1.0,
vee jaar geleden,,,,1.0,,,,,,
bepaaldvijfendertig jaar geleden,,,,1.0,,,,,,
kuiperstraat jaar geleden,,,,1.0,,,,,,
ong jaar geleden,,,,1.0,,,,,,
2400 jaar geleden,,,,1.0,,,,1.0,1.0,
vijfli jaar geleden,,,,1.0,,,,,,
ving jaar geleden,,,,1.0,,,,,,
éen jaar geleden,,,,1.0,,,,,,1.0
twefe jaar geleden,,,,1.0,,,,,,
geven jaar geleden,,,,1.0,,,,,,
verloor jaar geleden,,,,1.0,,,,,,
4eu jaar geleden,,,,1.0,,,,,,
moeder jaar geleden,,,,1.0,,,,,,
ófn jaar geleden,,,,1.0,,,,,,
twintiir jaar geleden,,,,1.0,,,,,,
aan jaar geleden,,,,1.0,1.0,1.0,,4.0,1.0,2.0
69748ijfii jaar geleden,,,,1.0,,,,,,
tenminste jaar geleden,,,,1.0,,,,,1.0,
onpevieer jaar geleden,,,,1.0,,,,,,
omstreeks jaar geleden,,,,1.0,2.0,,1.0,1.0,,
staandetwintig jaar geleden,,,,1.0,,,,,,
geprofiteerd jaar geleden,,,,1.0,,,,,,
ertrouwen jaar geleden,,,,1.0,,,,,,
voorzien jaar geleden,,,,1.0,,,,,,
tnrksche jaar geleden,,,,1.0,,,,,,
tvaalf jaar geleden,,,,1.0,,,,,,
ongo jaar geleden,,,,1.0,,,,,,
februari jaar geleden,,,,1.0,,,,,,
tli jaar geleden,,,,1.0,,,,,,
bedrijven jaar geleden,,,,1.0,,,,,,
pen jaar geleden,,,,1.0,,,,1.0,,
llou jaar geleden,,,,1.0,,,,,,
teertlg jaar geleden,,,,1.0,,,,,,
toeliettien jaar geleden,,,,1.0,,,,,,
vrouw jaar geleden,,,,1.0,1.0,,,2.0,,
meter jaar geleden,,,,1.0,,,,,,
seren jaar geleden,,,,1.0,,,,,,
vijentwintig jaar geleden,,,,1.0,,,,,,
zeshonderd jaar geleden,,,,1.0,,,,,,
dim jaar geleden,,,,1.0,,,,,,
850 jaar geleden,,,,1.0,1.0,,,,,
knaap jaar geleden,,,,1.0,,,,,,
dezedagen jaar geleden,,,,1.0,,,,,,
vijfentwlntlg jaar geleden,,,,1.0,,,,,,
neren jaar geleden,,,,1.0,,,,1.0,,
rende jaar geleden,,,,1.0,,,,,,
4cm jaar geleden,,,,1.0,,,,,,
veer jaar geleden,,,,1.0,,,,,,
hir jaar geleden,,,,1.0,,,,,,
want jaar geleden,,,,1.0,,,,2.0,3.0,2.0
komst jaar geleden,,,,1.0,,,,,,
pas jaar geleden,,,,1.0,,,2.0,2.0,2.0,2.0
olland jaar geleden,,,,1.0,,,,,,
schuitmakerdertig jaar geleden,,,,1.0,,,,,,
drieduizend jaar geleden,,,,1.0,1.0,,,,2.0,2.0
zaterdag jaar geleden,,,,1.0,,,,,1.0,
dezer jaar geleden,,,,1.0,1.0,,,,,
gemeld jaar geleden,,,,1.0,,,,,,
een halfjaar geleden,,,,1.0,10.0,6.0,4.0,8.0,17.0,9.0
componist jaar geleden,,,,1.0,,,,,,
tóen jaar geleden,,,,1.0,,,,,,
minstens jaar geleden,,,,1.0,,,,,,
271 jaar geleden,,,,1.0,,,,,,
kijken jaar geleden,,,,1.0,,,,,,1.0
alf jaar geleden,,,,1.0,,,,,,
besloeg jaar geleden,,,,1.0,,,,,,
honderdvijftig jaar geleden,,,,,4.0,,1.0,,,5.0
precies jaar geleden,,,,,4.0,1.0,8.0,11.0,23.0,20.0
350 jaar geleden,,,,,4.0,,2.0,2.0,10.0,5.0
250 jaar geleden,,,,,3.0,,1.0,,2.0,3.0
tweeduizend jaar geleden,,,,,2.0,,,1.0,3.0,7.0
doch jaar geleden,,,,,2.0,,,,,
1500 jaar geleden,,,,,2.0,,,,4.0,
het voorjaar geleden,,,,,2.0,1.0,,,,
700 jaar geleden,,,,,2.0,,,3.0,1.0,1.0
vandaag jaar geleden,,,,,2.0,1.0,1.0,1.0,1.0,2.0
drieënveertig jaar geleden,,,,,2.0,,,2.0,,
330 jaar geleden,,,,,2.0,,1.0,1.0,1.0,
zoo jaar geleden,,,,,2.0,,,,,
vau jaar geleden,,,,,2.0,,,,,
hier jaar geleden,,,,,2.0,,,,2.0,2.0
vierduizend jaar geleden,,,,,2.0,,2.0,,,2.0
oprichting jaar geleden,,,,,2.0,,,1.0,3.0,3.0
vijftlz jaar geleden,,,,,1.0,,,,,
100000 jaar geleden,,,,,1.0,,,,,1.0
waarmede jaar geleden,,,,,1.0,,,,,
1416 jaar geleden,,,,,1.0,,,,,
bij dragenjaar geleden,,,,,1.0,,,,,
1009 jaar geleden,,,,,1.0,,,,,
450 jaar geleden,,,,,1.0,,,2.0,2.0,5.0
ion jaar geleden,,,,,1.0,,,,,
emigraulavaaaen jaar geleden,,,,,1.0,,,,,
twco jaar geleden,,,,,1.0,,,,,
negentien jaar geleden,,,,,1.0,1.0,1.0,3.0,7.0,7.0
sedert jaar geleden,,,,,1.0,,,1.0,,
nou jaar geleden,,,,,1.0,,,,,
linnderd jaar geleden,,,,,1.0,,,,,
reddrie jaar geleden,,,,,1.0,,,,,
vietduizend jaar geleden,,,,,1.0,,,,,
kwistig jaar geleden,,,,,1.0,,,,,
rome jaar geleden,,,,,1.0,,,,,
vroeger jaar geleden,,,,,1.0,,,,,
koopershonderd jaar geleden,,,,,1.0,,,,,
3040 jaar geleden,,,,,1.0,,,,,
klmn jaar geleden,,,,,1.0,,,,,
ala jaar geleden,,,,,1.0,,,,,
huiiderdvijftig jaar geleden,,,,,1.0,,,,,
leren jaar geleden,,,,,1.0,,,,,
zels jaar geleden,,,,,1.0,,,,,
zuid jaar geleden,,,,,1.0,,,,,
arravahtien jaar geleden,,,,,1.0,,,,,
diio jaar geleden,,,,,1.0,,,,,
cen jaar geleden,,,,,1.0,,,,,
behandeling jaar geleden,,,,,1.0,,,,,
ontdekte jaar geleden,,,,,1.0,,,,,
tltanlc jaar geleden,,,,,1.0,,,,,
doaaeliueen jaar geleden,,,,,1.0,,,,,
tweehonderdvijftig jaar geleden,,,,,1.0,,,,,
eindelijk jaar geleden,,,,,1.0,,,,,
hebt jaar geleden,,,,,1.0,,,,,
uit jaar geleden,,,,,1.0,,,,1.0,
bisschopswijding jaar geleden,,,,,1.0,,,,,
apeldoorn jaar geleden,,,,,1.0,,,,,
isstig jaar geleden,,,,,1.0,,,,,
angnstns jaar geleden,,,,,1.0,,,,,
2000 jaar geleden,,,,,1.0,,4.0,7.0,5.0,3.0
123 jaar geleden,,,,,1.0,,,,,
ia4 jaar geleden,,,,,1.0,,,,,
aardrijkskunde jaar geleden,,,,,1.0,,,,,
4mi jaar geleden,,,,,1.0,,,,,
hel boekjaar geleden,,,,,1.0,,,,,
publiceerde jaar geleden,,,,,1.0,,,,,
onrechte jaar geleden,,,,,1.0,,,,,
westervcldtien jaar geleden,,,,,1.0,,,,,
joedotweehonderd jaar geleden,,,,,1.0,,,,,
nauwelijks jaar geleden,,,,,1.0,,,,1.0,1.0
merkwaardig jaar geleden,,,,,1.0,,,,,
ouooo jaar geleden,,,,,1.0,,,,,
zelfs jaar geleden,,,,,1.0,,,1.0,,1.0
afgeloopen boekjaar geleden,,,,,1.0,,,,,
gedragen jaar geleden,,,,,1.0,,,,,
ail jaar geleden,,,,,1.0,,,,,
gors jaar geleden,,,,,1.0,,,,,
1300 jaar geleden,,,,,1.0,,,,,
175 jaar geleden,,,,,1.0,,,2.0,,3.0
117 jaar geleden,,,,,1.0,,,,,
356een jaar geleden,,,,,1.0,,,,,
tiimti jaar geleden,,,,,1.0,,,,,
arht jaar geleden,,,,,1.0,,,,,
vijfcntwintig jaar geleden,,,,,1.0,,,,,
mei jaar geleden,,,,,1.0,,,,,
juiist jaar geleden,,,,,1.0,,,,,
een lucifershouderjaar geleden,,,,,1.0,,,,,
ivdveertig jaar geleden,,,,,1.0,,,,,
novembei jaar geleden,,,,,1.0,,,,,
geroepen jaar geleden,,,,,1.0,,,,,
viji jaar geleden,,,,,1.0,,,,,
vierhonderd jaar geleden,,,,,1.0,,1.0,5.0,4.0,5.0
warentien jaar geleden,,,,,1.0,,,,,
gai jaar geleden,,,,,1.0,,,,,
ploegvijf jaar geleden,,,,,1.0,,,,,
slik jaar geleden,,,,,1.0,,,,,
ken halfjaar geleden,,,,,1.0,,,1.0,,
1700 jaar geleden,,,,,1.0,,,,,
dïriien jaar geleden,,,,,1.0,,,,,
20üacht jaar geleden,,,,,1.0,,,,,
3uo jaar geleden,,,,,1.0,,,,,
ruimeen halfjaar geleden,,,,,1.0,,,,,
verdachte jaar geleden,,,,,1.0,,,,,
tcpntig jaar geleden,,,,,1.0,,,,,
veertij jaar geleden,,,,,1.0,,,,,
wanni jaar geleden,,,,,1.0,,,,,
tiiulerhalf jaar geleden,,,,,1.0,,,,,
museumhonderd jaar geleden,,,,,1.0,,,,,
osullivanjpvintig jaar geleden,,,,,1.0,,,,,
derlig jaar geleden,,,,,1.0,,,,,
lno jaar geleden,,,,,1.0,,,,,
vieren jaar geleden,,,,,1.0,,,,,
txvee jaar geleden,,,,,1.0,,,,,
sep15 jaar geleden,,,,,1.0,,,,,
kon jaar geleden,,,,,1.0,,,,2.0,1.0
drlo jaar geleden,,,,,1.0,,,,,
veerlig jaar geleden,,,,,1.0,,,,,
sereen jaar geleden,,,,,1.0,,,,,
tweehondervijftig jaar geleden,,,,,1.0,,,,,
tis jaar geleden,,,,,1.0,,,,,
berlinramp jaar geleden,,,,,1.0,,,,,
vljfentwintlg jaar geleden,,,,,1.0,,,,,
102 jaar geleden,,,,,1.0,,,,,
twoe jaar geleden,,,,,1.0,,1.0,,,
vlucht jaar geleden,,,,,1.0,,,,,
plebisciet jaar geleden,,,,,1.0,,,,,
bezoek jaar geleden,,,,,1.0,,,,,
hetgeen jaar geleden,,,,,1.0,,,,,
graafvijf jaar geleden,,,,,1.0,,,,,
uwee jaar geleden,,,,,1.0,,,,,
speciaal jaar geleden,,,,,1.0,,,,,
twnt jaar geleden,,,,,1.0,,,,,
tweeeneenhalf jaar geleden,,,,,1.0,,,,1.0,
aen jaar geleden,,,,,1.0,,,,,
finaly jaar geleden,,,,,1.0,,,,,
2393 jaar geleden,,,,,1.0,,,,,
lellen jaar geleden,,,,,1.0,,,,,
preston jaar geleden,,,,,1.0,,,,,
reed jaar geleden,,,,,1.0,,,1.0,,
positie jaar geleden,,,,,1.0,,,,,
ordentionderd jaar geleden,,,,,1.0,,,,,
elzentwintig jaar geleden,,,,,1.0,,,,,
vennootschap jaar geleden,,,,,1.0,,,,,
itlllerl jaar geleden,,,,,1.0,,,,,
dezelfde jaar geleden,,,,,1.0,,,,,
tweeentwinfig jaar geleden,,,,,1.0,,,,,
tijdbeeld jaar geleden,,,,,1.0,,,,,
deriig jaar geleden,,,,,1.0,,,,,
jeruzalem jaar geleden,,,,,1.0,,,,,
bood jaar geleden,,,,,1.0,,,,,
datum jaar geleden,,,,,1.0,,,,,
1400 jaar geleden,,,,,1.0,,,,,
rle jaar geleden,,,,,1.0,,,,,
alcoholverbod jaar geleden,,,,,1.0,,,,,
veertle jaar geleden,,,,,1.0,,,,,
üoo jaar geleden,,,,,1.0,,,,,
1410tien jaar geleden,,,,,1.0,,,,,
verbodentvi jaar geleden,,,,,1.0,,,,,
493 jaar geleden,,,,,1.0,,,,,
2030 jaar geleden,,,,,1.0,,,,,
feit jaar geleden,,,,,1.0,,,,,
124 jaar geleden,,,,,1.0,,,,,
tusschen jaar geleden,,,,,1.0,,,,,
twlctig jaar geleden,,,,,1.0,,,,,
heeleboel jaar geleden,,,,,1.0,,,,,
kozlof jaar geleden,,,,,1.0,,,,,
patr jaar geleden,,,,,1.0,,,,,
vast stellenjaar geleden,,,,,1.0,,,,,
tweeentwintig jaar geleden,,,,,1.0,,,,,
cody jaar geleden,,,,,1.0,,,,,
dietachtig jaar geleden,,,,,1.0,,,,,
stond jaar geleden,,,,,1.0,,,,,1.0
veetlg jaar geleden,,,,,1.0,,,,,
zeemachtwaken jaar geleden,,,,,1.0,,,,,
974dertig jaar geleden,,,,,1.0,,,,,
5000 jaar geleden,,,,,1.0,,1.0,4.0,2.0,8.0
honderdduizend jaar geleden,,,,,1.0,,,,,
jcreeg jaar geleden,,,,,1.0,,,,,
dtrtig jaar geleden,,,,,1.0,,,,,
sept jaar geleden,,,,,1.0,,,,,
vereeuiging jaar geleden,,,,,1.0,,,,,
dertigveertig jaar geleden,,,,,1.0,,,,,
beklimmen jaar geleden,,,,,1.0,,,,,
junijuist jaar geleden,,,,,1.0,,,,,
120 jaar geleden,,,,,1.0,,1.0,1.0,,1.0
driekwart jaar geleden,,,,,1.0,,,,,
pehtir jaar geleden,,,,,1.0,,,,,
70ü jaar geleden,,,,,1.0,,,,,
kwam jaar geleden,,,,,1.0,,2.0,4.0,3.0,7.0
bet 40jaar geleden,,,,,1.0,,,,,
eeo jaar geleden,,,,,1.0,,,,,
260 jaar geleden,,,,,1.0,,,,,
drieenzesiig jaar geleden,,,,,1.0,,,,,
oranje jaar geleden,,,,,1.0,,,,,
ontspanningtwee jaar geleden,,,,,1.0,,,,,
tin jaar geleden,,,,,1.0,,,,,
hetwelk jaar geleden,,,,,1.0,,,,,
eventien jaar geleden,,,,,1.0,,,,,
heb jaar geleden,,,,,1.0,,,1.0,2.0,1.0
negenhonderd jaar geleden,,,,,1.0,,,,,
vierentwintig jaar geleden,,,,,1.0,,,2.0,1.0,1.0
jubilaris jaar geleden,,,,,1.0,,,,,
roman jaar geleden,,,,,1.0,,,,,
ten jaar geleden,,,,,1.0,,,,1.0,
ruimdertig jaar geleden,,,,,1.0,,,,,
vijx jaar geleden,,,,,1.0,,,,,
2mj jaar geleden,,,,,1.0,,,,,
derlg jaar geleden,,,,,1.0,,,,,
000 jaar geleden,,,,,1.0,2.0,,,,
honderdtwintig jaar geleden,,,,,1.0,,,,,
rwee jaar geleden,,,,,1.0,,,,,
tienduizend jaar geleden,,,,,1.0,1.0,,,1.0,1.0
wat jaar geleden,,,,,1.0,,,,,2.0
alweer jaar geleden,,,,,1.0,,,1.0,2.0,6.0
verleden jaar geleden,,,,,1.0,,,,,
1s57 jaar geleden,,,,,1.0,,,,,
stuk jaar geleden,,,,,1.0,,,,,
800 jaar geleden,,,,,1.0,1.0,,,,
lii jaar geleden,,,,,1.0,,,,,
122 jaar geleden,,,,,1.0,,,,,
dal jaar geleden,,,,,1.0,,,,,
tweeenveertig jaar geleden,,,,,1.0,,,,,
bosch jaar geleden,,,,,1.0,,,,,
non jaar geleden,,,,,1.0,,,,,
liederen jaar geleden,,,,,1.0,,,,,
jaar vijftigjaar geleden,,,,,1.0,,,,,
washington jaar geleden,,,,,1.0,,,,,
mozart jaar geleden,,,,,1.0,,,,,
honderdzestig jaar geleden,,,,,1.0,,,,,
126 jaar geleden,,,,,1.0,,,,,
560 jaar geleden,,,,,1.0,,,,,
lfirt jaar geleden,,,,,1.0,,,,,
hij1 jaar geleden,,,,,1.0,,,,,
carcovier jaar geleden,,,,,1.0,,,,,
enkel jaar geleden,,,,,1.0,,,,,
terwijl jaar geleden,,,,,1.0,,,,,
plm jaar geleden,,,,,1.0,,,,,
moet jaar geleden,,,,,1.0,,,,,
niet jaar geleden,,,,,1.0,,,,,
ier jaar geleden,,,,,1.0,,1.0,,2.0,1.0
lip jaar geleden,,,,,1.0,,,,,
110 jaar geleden,,,,,1.0,,,,3.0,1.0
4500 jaar geleden,,,,,1.0,,,,,1.0
hartoperatie jaar geleden,,,,,1.0,,,,,
houdord jaar geleden,,,,,1.0,,,,,
huwde jaar geleden,,,,,1.0,,,,,
4000 jaar geleden,,,,,1.0,,,,1.0,2.0
byna jaar geleden,,,,,,1.0,,,,
kerkblad jaar geleden,,,,,,1.0,,,,
1931 jaar geleden,,,,,,1.0,,,,
makenfvngsveeb jaar geleden,,,,,,1.0,,,,
deed jaar geleden,,,,,,1.0,,,,
173woi jaar geleden,,,,,,1.0,,,,
les jaar geleden,,,,,,1.0,,1.0,,
hiflf jaar geleden,,,,,,1.0,,,,
slo jaar geleden,,,,,,1.0,,,,
honderdtachtig jaar geleden,,,,,,1.0,,,,
1916 jaar geleden,,,,,,1.0,,,,
naai jaar geleden,,,,,,1.0,,,,
lalf jaar geleden,,,,,,1.0,,,,
weldra jaar geleden,,,,,,1.0,,,,
vader jaar geleden,,,,,,1.0,,1.0,1.0,
tig jaar geleden,,,,,,1.0,1.0,1.0,2.0,3.0
zerc jaar geleden,,,,,,1.0,,,,
900 jaar geleden,,,,,,1.0,,,1.0,1.0
zei jaar geleden,,,,,,1.0,,,,
twaalfhonderd jaar geleden,,,,,,1.0,1.0,,,
zrstig jaar geleden,,,,,,1.0,,,,
kop jaar geleden,,,,,,1.0,,3.0,,
heel jaar geleden,,,,,,1.0,,,,
zevkntii jaar geleden,,,,,,1.0,,,,
2vz jaar geleden,,,,,,1.0,,,,
moeten wordenjaar geleden,,,,,,1.0,,,,
honderddertig jaar geleden,,,,,,1.0,,,,
vernieuwing jaar geleden,,,,,,1.0,,,,
del jaar geleden,,,,,,1.0,,,,
melbournerace jaar geleden,,,,,,1.0,,,,
indië jaar geleden,,,,,,1.0,,,,
omtrent jaar geleden,,,,,,1.0,1.0,,,
213 jaar geleden,,,,,,1.0,,,,
negentig jaar geleden,,,,,,1.0,,1.0,,1.0
gras jaar geleden,,,,,,1.0,,,,
itiaai jaar geleden,,,,,,1.0,,,,
preries jaar geleden,,,,,,1.0,,,,
augustus honderdjaar geleden,,,,,,1.0,,,,
600 jaar geleden,,,,,,1.0,1.0,,1.0,
273 jaar geleden,,,,,,1.0,,,,
milliocn jaar geleden,,,,,,,2.0,,,
carrière jaar geleden,,,,,,,2.0,1.0,,
s5o jaar geleden,,,,,,,1.0,,,
jonas jaar geleden,,,,,,,1.0,,,
land jaar geleden,,,,,,,1.0,,,2.0
gehaaldeen jaar geleden,,,,,,,1.0,,,
nam jaar geleden,,,,,,,1.0,,1.0,
200000 jaar geleden,,,,,,,1.0,,,4.0
marinebasisvijftig jaar geleden,,,,,,,1.0,,,
zlrh jaar geleden,,,,,,,1.0,,,
lende jaar geleden,,,,,,,1.0,,,
toegestaanhonderd jaar geleden,,,,,,,1.0,,,
halenbedrijfsgeneeskunde jaar geleden,,,,,,,1.0,,,
aangenomen jaar geleden,,,,,,,1.0,,,
dureneen jaar geleden,,,,,,,1.0,,,
man jaar geleden,,,,,,,1.0,4.0,1.0,
vijfenveertig jaar geleden,,,,,,,1.0,,2.0,1.0
vüf jaar geleden,,,,,,,1.0,1.0,,
trouwring jaar geleden,,,,,,,1.0,,,
menietwintig jaar geleden,,,,,,,1.0,,,
driehónderdvjjftig jaar geleden,,,,,,,1.0,,,
invoervier jaar geleden,,,,,,,1.0,,,
zon jaar geleden,,,,,,,1.0,,,5.0
verdedigenruim jaar geleden,,,,,,,1.0,,,
tireeduiretid jaar geleden,,,,,,,1.0,,,
vijt jaar geleden,,,,,,,1.0,,,
con jaar geleden,,,,,,,1.0,,,
lane jaar geleden,,,,,,,1.0,,,
spanning jaar geleden,,,,,,,1.0,,,
walker jaar geleden,,,,,,,1.0,,,
psv jaar geleden,,,,,,,1.0,,,
brasherzestig jaar geleden,,,,,,,1.0,,,
101 jaar geleden,,,,,,,1.0,,,
uurvijf jaar geleden,,,,,,,1.0,,,
gasperi jaar geleden,,,,,,,1.0,,,
herinneren jaar geleden,,,,,,,1.0,,,
3275 jaar geleden,,,,,,,1.0,,,
drieeertig jaar geleden,,,,,,,1.0,,,
kerstvieringzestig jaar geleden,,,,,,,1.0,,,
1933 jaar geleden,,,,,,,1.0,1.0,,
omenhpien jaar geleden,,,,,,,1.0,,,
afliep jaar geleden,,,,,,,1.0,,,
vuftig jaar geleden,,,,,,,1.0,,,
andcrhalt jaar geleden,,,,,,,1.0,,,
valk jaar geleden,,,,,,,1.0,,,
zeggenvier jaar geleden,,,,,,,1.0,,,
vandaa jaar geleden,,,,,,,1.0,,,
aantien jaar geleden,,,,,,,1.0,,,
wasiiuim jaar geleden,,,,,,,1.0,,,
besprokenelf jaar geleden,,,,,,,1.0,,,
kerst jaar geleden,,,,,,,1.0,,,
ging jaar geleden,,,,,,,1.0,,2.0,
studie jaar geleden,,,,,,,1.0,,,
kominform jaar geleden,,,,,,,1.0,,,
rechtsbuiten jaar geleden,,,,,,,1.0,,,
104 jaar geleden,,,,,,,1.0,,,
emigreerde jaar geleden,,,,,,,1.0,1.0,,
blokkade jaar geleden,,,,,,,1.0,,,
rep jaar geleden,,,,,,,1.0,,,
ieopold jaar geleden,,,,,,,1.0,,,
teven jaar geleden,,,,,,,1.0,,1.0,
zegt jaar geleden,,,,,,,1.0,,,
zoals jaar geleden,,,,,,,1.0,,3.0,1.0
cochct jaar geleden,,,,,,,1.0,,,
127 jaar geleden,,,,,,,1.0,,,
dik jaar geleden,,,,,,,1.0,1.0,,
drieëntwintig jaar geleden,,,,,,,1.0,,,2.0
dele jaar geleden,,,,,,,1.0,,,
eenenvecrtig jaar geleden,,,,,,,1.0,,,
kasteeltje jaar geleden,,,,,,,1.0,,,
zestij jaar geleden,,,,,,,1.0,,,
lijden jaar geleden,,,,,,,1.0,,,
vrjf jaar geleden,,,,,,,1.0,,,
noodzakelijkvijfenveertig jaar geleden,,,,,,,1.0,,,
zestienl jaar geleden,,,,,,,1.0,,,
325 jaar geleden,,,,,,,1.0,,,
opera jaar geleden,,,,,,,1.0,,,
homseri jaar geleden,,,,,,,1.0,,,
detentie jaar geleden,,,,,,,1.0,,,
ontduiken jaar geleden,,,,,,,1.0,,,
boek jaar geleden,,,,,,,1.0,,,
vijfenvijftig jaar geleden,,,,,,,1.0,,3.0,
zeshen jaar geleden,,,,,,,1.0,,,
drio jaar geleden,,,,,,,1.0,,,
gestorven jaar geleden,,,,,,,1.0,,,
gegeven jaar geleden,,,,,,,1.0,,,
frankrijk jaar geleden,,,,,,,1.0,1.0,,
vraagzeven jaar geleden,,,,,,,1.0,,,
tweeëneenhalf jaar geleden,,,,,,,1.0,9.0,10.0,3.0
toegedaan jaar geleden,,,,,,,1.0,,,
duitsland jaar geleden,,,,,,,1.0,,,
ach jaar geleden,,,,,,,1.0,,,
sleeswijkrevue jaar geleden,,,,,,,1.0,,,
kolonel jaar geleden,,,,,,,1.0,,,
rechtvaardigenvijf jaar geleden,,,,,,,1.0,,,
iournalisttwintig jaar geleden,,,,,,,1.0,,,
marine jaar geleden,,,,,,,1.0,,,
leningen jaar geleden,,,,,,,1.0,,,
daar jaar geleden,,,,,,,1.0,,2.0,2.0
4fi jaar geleden,,,,,,,1.0,,,
hah jaar geleden,,,,,,,1.0,,,
overlijden jaar geleden,,,,,,,1.0,,,
230 jaar geleden,,,,,,,1.0,1.0,2.0,
hal jaar geleden,,,,,,,1.0,,,
135 jaar geleden,,,,,,,1.0,,,1.0
geadresseerde jaar geleden,,,,,,,1.0,,,
meisneeuw jaar geleden,,,,,,,1.0,,,
gejouwdzes jaar geleden,,,,,,,1.0,,,
waarmee jaar geleden,,,,,,,1.0,,1.0,1.0
burgersdijkprecies jaar geleden,,,,,,,1.0,,,
paus jaar geleden,,,,,,,1.0,,,
voorwaartseen jaar geleden,,,,,,,1.0,,,
algiers jaar geleden,,,,,,,1.0,,,
3üü jaar geleden,,,,,,,1.0,,,
links jaar geleden,,,,,,,1.0,,,
kampioensclub jaar geleden,,,,,,,1.0,,,
haagzeen jaar geleden,,,,,,,1.0,,,
verne jaar geleden,,,,,,,1.0,,,
avrozestien jaar geleden,,,,,,,1.0,,,
herdenkt jaar geleden,,,,,,,1.0,,,
achtentwintig jaar geleden,,,,,,,1.0,1.0,1.0,
bezetting jaar geleden,,,,,,,1.0,,,1.0
waaraan jaar geleden,,,,,,,1.0,,,
ééndrie jaar geleden,,,,,,,1.0,,,
dienst jaar geleden,,,,,,,1.0,,1.0,
huis jaar geleden,,,,,,,1.0,,,1.0
industnahsatiebeleiddrie jaar geleden,,,,,,,1.0,,,
els jaar geleden,,,,,,,1.0,,,
barbierversie jaar geleden,,,,,,,1.0,,,
rij jaar geleden,,,,,,,1.0,,,
meteracht jaar geleden,,,,,,,1.0,,,
duitser jaar geleden,,,,,,,1.0,,,
destijds jaar geleden,,,,,,,1.0,,2.0,
fcn jaar geleden,,,,,,,1.0,,,
1600 jaar geleden,,,,,,,1.0,,,
fabriek jaar geleden,,,,,,,1.0,,,
voorook jaar geleden,,,,,,,1.0,,,
davids jaar geleden,,,,,,,1.0,,,
1315 jaar geleden,,,,,,,,8.0,,
vuf jaar geleden,,,,,,,,4.0,2.0,
zesendertig jaar geleden,,,,,,,,4.0,,1.0
trad jaar geleden,,,,,,,,3.0,1.0,2.0
ccn jaar geleden,,,,,,,,3.0,,
een paarjaar geleden,,,,,,,,3.0,,
vijfendertig jaar geleden,,,,,,,,3.0,5.0,4.0
zelf jaar geleden,,,,,,,,2.0,1.0,1.0
negenentwintig jaar geleden,,,,,,,,2.0,,
1900 jaar geleden,,,,,,,,2.0,,1.0
nederland jaar geleden,,,,,,,,2.0,,1.0
had jaar geleden,,,,,,,,2.0,1.0,1.0
weer jaar geleden,,,,,,,,2.0,1.0,5.0
loc jaar geleden,,,,,,,,2.0,,
namelijk jaar geleden,,,,,,,,2.0,2.0,1.0
2300 jaar geleden,,,,,,,,2.0,,
12000 jaar geleden,,,,,,,,2.0,,
geboren jaar geleden,,,,,,,,2.0,,
gemeente jaar geleden,,,,,,,,2.0,,
1313 jaar geleden,,,,,,,,2.0,,
leven jaar geleden,,,,,,,,2.0,,
omdat jaar geleden,,,,,,,,2.0,,
80000 jaar geleden,,,,,,,,2.0,,
schedelbasisfractuur jaar geleden,,,,,,,,2.0,,
drieëneenhalf jaar geleden,,,,,,,,2.0,3.0,2.0
2500 jaar geleden,,,,,,,,2.0,2.0,1.0
voorgaande boekjaar geleden,,,,,,,,1.0,,
ivj jaar geleden,,,,,,,,1.0,,
betaaldnegentien jaar geleden,,,,,,,,1.0,,
geschiedenis jaar geleden,,,,,,,,1.0,,
bruijndrie jaar geleden,,,,,,,,1.0,,
137iken jaar geleden,,,,,,,,1.0,,
851ongeveer jaar geleden,,,,,,,,1.0,,
jacobusschool jaar geleden,,,,,,,,1.0,,
lig jaar geleden,,,,,,,,1.0,,
vlif jaar geleden,,,,,,,,1.0,,
aangesteldeen jaar geleden,,,,,,,,1.0,,
straatvijf jaar geleden,,,,,,,,1.0,,
miljoen jaar geleden,,,,,,,,1.0,21.0,69.0
170 jaar geleden,,,,,,,,1.0,,1.0
gedoodelf jaar geleden,,,,,,,,1.0,,
435 jaar geleden,,,,,,,,1.0,,
luns jaar geleden,,,,,,,,1.0,,
twéé jaar geleden,,,,,,,,1.0,,1.0
net jaar geleden,,,,,,,,1.0,,
miljoenvijf jaar geleden,,,,,,,,1.0,,
werdboo jaar geleden,,,,,,,,1.0,,
verzekeringsbedrijfvijfentwintig jaar geleden,,,,,,,,1.0,,
voorbeeld jaar geleden,,,,,,,,1.0,,
overleed jaar geleden,,,,,,,,1.0,,1.0
gaandetien jaar geleden,,,,,,,,1.0,,
biljoen jaar geleden,,,,,,,,1.0,,
pantservoertuigeen jaar geleden,,,,,,,,1.0,,
ivz jaar geleden,,,,,,,,1.0,,
911het jaar geleden,,,,,,,,1.0,,
30000 jaar geleden,,,,,,,,1.0,3.0,
4wee jaar geleden,,,,,,,,1.0,,
mislukkentwee jaar geleden,,,,,,,,1.0,,
825drie jaar geleden,,,,,,,,1.0,,
eerf jaar geleden,,,,,,,,1.0,,
nog jaar geleden,,,,,,,,1.0,,
verlangeneen jaar geleden,,,,,,,,1.0,,
moskouvier jaar geleden,,,,,,,,1.0,,
belgiënederlanddrie jaar geleden,,,,,,,,1.0,,
nig jaar geleden,,,,,,,,1.0,,
vijfenzestig jaar geleden,,,,,,,,1.0,,
dutiktwèe jaar geleden,,,,,,,,1.0,,
blankersnegentien rjaar geleden,,,,,,,,1.0,,
naderingvijf jaar geleden,,,,,,,,1.0,,
twaalfcncenhalf jaar geleden,,,,,,,,1.0,,
dezeweek jaar geleden,,,,,,,,1.0,,
dusvijftig jaar geleden,,,,,,,,1.0,,
vondst jaar geleden,,,,,,,,1.0,,
rotterdam jaar geleden,,,,,,,,1.0,1.0,
voortanderhalf jaar geleden,,,,,,,,1.0,,
amptwee jaar geleden,,,,,,,,1.0,,
3va jaar geleden,,,,,,,,1.0,,
zendtijd jaar geleden,,,,,,,,1.0,,
nieuwguinea jaar geleden,,,,,,,,1.0,,
dominee jaar geleden,,,,,,,,1.0,,
eoh jaar geleden,,,,,,,,1.0,,
gemaakt jaar geleden,,,,,,,,1.0,,
gortzakelf jaar geleden,,,,,,,,1.0,,
vorlrtj jaar geleden,,,,,,,,1.0,,
achteneenhalf jaar geleden,,,,,,,,1.0,,
bezoeker jaar geleden,,,,,,,,1.0,,
ces jaar geleden,,,,,,,,1.0,,
zakendrie jaar geleden,,,,,,,,1.0,,
vorig jaar geleden,,,,,,,,1.0,2.0,2.0
50000 jaar geleden,,,,,,,,1.0,3.0,
gevestigd jaar geleden,,,,,,,,1.0,,
werd47 jaar geleden,,,,,,,,1.0,,
ylvi jaar geleden,,,,,,,,1.0,,
opengekomen jaar geleden,,,,,,,,1.0,,
tweeenoenhalf jaar geleden,,,,,,,,1.0,,
vuftien jaar geleden,,,,,,,,1.0,,
stichtte jaar geleden,,,,,,,,1.0,1.0,
nemenachttien jaar geleden,,,,,,,,1.0,,
qulntatwee jaar geleden,,,,,,,,1.0,,
178drie jaar geleden,,,,,,,,1.0,,
uitlegdedrie jaar geleden,,,,,,,,1.0,,
__________________zestig jaar geleden,,,,,,,,1.0,,
meer jaar geleden,,,,,,,,1.0,,
931 jaar geleden,,,,,,,,1.0,,
gevangenisstraf tweejaar geleden,,,,,,,,1.0,,
eii jaar geleden,,,,,,,,1.0,,
lamb jaar geleden,,,,,,,,1.0,,
zorgtzeven jaar geleden,,,,,,,,1.0,,
gomoelka jaar geleden,,,,,,,,1.0,,
richtte jaar geleden,,,,,,,,1.0,,
3400 jaar geleden,,,,,,,,1.0,,
sinds jaar geleden,,,,,,,,1.0,2.0,2.0
upivijftien jaar geleden,,,,,,,,1.0,,
hoogleraar jaar geleden,,,,,,,,1.0,,
gciionitzer jaar geleden,,,,,,,,1.0,,
weg jaar geleden,,,,,,,,1.0,,
woningen jaar geleden,,,,,,,,1.0,,
wegens jaar geleden,,,,,,,,1.0,,
enzeventls jaar geleden,,,,,,,,1.0,,
neerleggenvijfenzeventig jaar geleden,,,,,,,,1.0,,
138 jaar geleden,,,,,,,,1.0,,
ioo jaar geleden,,,,,,,,1.0,,
clrie jaar geleden,,,,,,,,1.0,,
bolsjewieken jaar geleden,,,,,,,,1.0,,
molen jaar geleden,,,,,,,,1.0,,
staaranderhalf jaar geleden,,,,,,,,1.0,,
wilsonacotwee jaar geleden,,,,,,,,1.0,,
zientwee jaar geleden,,,,,,,,1.0,,
vyf jaar geleden,,,,,,,,1.0,1.0,
345 jaar geleden,,,,,,,,1.0,,
zeggen jaar geleden,,,,,,,,1.0,,
simenon jaar geleden,,,,,,,,1.0,,
180 jaar geleden,,,,,,,,1.0,1.0,
994768een jaar geleden,,,,,,,,1.0,,
ermee jaar geleden,,,,,,,,1.0,,
belicht jaar geleden,,,,,,,,1.0,,
slaagde jaar geleden,,,,,,,,1.0,,
doodanderhalf jaar geleden,,,,,,,,1.0,,
mij jaar geleden,,,,,,,,1.0,1.0,1.0
270tweeëntwintig jaar geleden,,,,,,,,1.0,,
ruim eenjaar geleden,,,,,,,,1.0,,
750 jaar geleden,,,,,,,,1.0,1.0,
vereniging jaar geleden,,,,,,,,1.0,,
waarschijnlijk jaar geleden,,,,,,,,1.0,,
begon jaar geleden,,,,,,,,1.0,6.0,3.0
krlstensen jaar geleden,,,,,,,,1.0,,
gewordenvier jaar geleden,,,,,,,,1.0,,
kalf jaar geleden,,,,,,,,1.0,,
werkvier jaar geleden,,,,,,,,1.0,,
kunstnijverheid jaar geleden,,,,,,,,1.0,,
fidrie jaar geleden,,,,,,,,1.0,,
twsntig jaar geleden,,,,,,,,1.0,,
kikkerlandje njaar geleden,,,,,,,,1.0,,
haar jaar geleden,,,,,,,,1.0,2.0,1.0
ruim tweeëneenhalfjaar geleden,,,,,,,,1.0,,
meitwaalf jaar geleden,,,,,,,,1.0,,
voeltdrie jaar geleden,,,,,,,,1.0,,
vtftlg jaar geleden,,,,,,,,1.0,,
gebeurtenis jaar geleden,,,,,,,,1.0,,
honderdendertig jaar geleden,,,,,,,,1.0,,
altien jaar geleden,,,,,,,,1.0,,
verteldeen jaar geleden,,,,,,,,1.0,,
2223 jaar geleden,,,,,,,,1.0,,
2vj jaar geleden,,,,,,,,1.0,,
vijfentwinti jaar geleden,,,,,,,,1.0,,
zoveel jaar geleden,,,,,,,,1.0,3.0,3.0
acteur jaar geleden,,,,,,,,1.0,,
gulden jaar geleden,,,,,,,,1.0,,
pensioen jaar geleden,,,,,,,,1.0,,
10ü jaar geleden,,,,,,,,1.0,,
schaljkveertien jaar geleden,,,,,,,,1.0,,
stierf jaar geleden,,,,,,,,1.0,,
commandotroepen jaar geleden,,,,,,,,1.0,,
jongeman jaar geleden,,,,,,,,1.0,,
schilderij jaar geleden,,,,,,,,1.0,,
upieen jaar geleden,,,,,,,,1.0,,
0d8 jaar geleden,,,,,,,,1.0,,
precies40 jaar geleden,,,,,,,,1.0,,
schaakstudietwee jaar geleden,,,,,,,,1.0,,
bestond jaar geleden,,,,,,,,1.0,,
bakvijfien jaar geleden,,,,,,,,1.0,,
koppelentwintig jaar geleden,,,,,,,,1.0,,
eenentwintig jaar geleden,,,,,,,,1.0,5.0,
zesenvijftig jaar geleden,,,,,,,,1.0,,1.0
krijgentien jaar geleden,,,,,,,,1.0,,
vindenzes jaar geleden,,,,,,,,1.0,,
reuen jaar geleden,,,,,,,,1.0,,
bestedingsbeperking jaar geleden,,,,,,,,1.0,,
lang jaar geleden,,,,,,,,1.0,,
twet jaar geleden,,,,,,,,1.0,,
wilder jaar geleden,,,,,,,,1.0,,
stappentien jaar geleden,,,,,,,,1.0,,
geslapentien jaar geleden,,,,,,,,1.0,,
beroemen jaar geleden,,,,,,,,1.0,,
gekomentwee jaar geleden,,,,,,,,1.0,,
buning jaar geleden,,,,,,,,1.0,,
ajomi jaar geleden,,,,,,,,1.0,,
flrie jaar geleden,,,,,,,,1.0,,
hem jaar geleden,,,,,,,,1.0,2.0,
hfe jaar geleden,,,,,,,,1.0,,
adhesiebetuigingnegen jaar geleden,,,,,,,,1.0,,
tijd jaar geleden,,,,,,,,1.0,,2.0
lagoshonderdendertig jaar geleden,,,,,,,,1.0,,
12v2 jaar geleden,,,,,,,,1.0,,
40ö jaar geleden,,,,,,,,1.0,,
èen jaar geleden,,,,,,,,1.0,,1.0
155 jaar geleden,,,,,,,,1.0,,1.0
hanedaanderhalf jaar geleden,,,,,,,,1.0,,
aardgasvier jaar geleden,,,,,,,,1.0,,
mast jaar geleden,,,,,,,,1.0,,
pitcairn jaar geleden,,,,,,,,1.0,,
vervolgttien jaar geleden,,,,,,,,1.0,,
sluitstuk jaar geleden,,,,,,,,1.0,,
1100 jaar geleden,,,,,,,,1.0,1.0,1.0
tweeënhalf jaar geleden,,,,,,,,1.0,2.0,
iumeen jaar geleden,,,,,,,,1.0,,
erkennendrie jaar geleden,,,,,,,,1.0,,
alma jaar geleden,,,,,,,,1.0,,
stalinisme jaar geleden,,,,,,,,1.0,,
twen jaar geleden,,,,,,,,1.0,,
twèe jaar geleden,,,,,,,,1.0,,
vljftitf jaar geleden,,,,,,,,1.0,,
preciestien jaar geleden,,,,,,,,1.0,,
uittwee jaar geleden,,,,,,,,1.0,,
zojuist jaar geleden,,,,,,,,1.0,,
overgenomendertig jaar geleden,,,,,,,,1.0,,
dié jaar geleden,,,,,,,,1.0,1.0,
solliciteerde jaar geleden,,,,,,,,1.0,,
rpyvee jaar geleden,,,,,,,,1.0,,
476 jaar geleden,,,,,,,,1.0,1.0,
gezegdtwee jaar geleden,,,,,,,,1.0,,
japan jaar geleden,,,,,,,,1.0,,
geweest jaar geleden,,,,,,,,1.0,,
laportatwee jaar geleden,,,,,,,,1.0,,
zijzelf jaar geleden,,,,,,,,1.0,,
gielingtien jaar geleden,,,,,,,,1.0,,
vicr jaar geleden,,,,,,,,1.0,,
chili jaar geleden,,,,,,,,1.0,,
caltex jaar geleden,,,,,,,,1.0,,
scheepsbouwtot jaar geleden,,,,,,,,1.0,,
4130 jaar geleden,,,,,,,,1.0,,
handel jaar geleden,,,,,,,,1.0,,
oaar jaar geleden,,,,,,,,1.0,,
zichzelfnderhalf jaar geleden,,,,,,,,1.0,,
twea jaar geleden,,,,,,,,1.0,1.0,
dieacht jaar geleden,,,,,,,,1.0,,
zevenendertig jaar geleden,,,,,,,,1.0,,
dinsdag jaar geleden,,,,,,,,1.0,,
bestrijdingeen jaar geleden,,,,,,,,1.0,,
leningrad jaar geleden,,,,,,,,1.0,,
jonderd jaar geleden,,,,,,,,1.0,,
ret jaar geleden,,,,,,,,1.0,,
maatschappij jaar geleden,,,,,,,,1.0,,
besparenruim jaar geleden,,,,,,,,1.0,,
honderdvuftig jaar geleden,,,,,,,,1.0,,
drieëndertig jaar geleden,,,,,,,,1.0,,1.0
ooo ljaar geleden,,,,,,,,1.0,,
europazeven jaar geleden,,,,,,,,1.0,,
wereldpremière jaar geleden,,,,,,,,1.0,,
even jaar geleden,,,,,,,,1.0,,
veerveen jaar geleden,,,,,,,,1.0,,
bernhard jaar geleden,,,,,,,,1.0,1.0,3.0
wordentwee jaar geleden,,,,,,,,1.0,,
geboorte jaar geleden,,,,,,,,1.0,1.0,
plaatsetwee jaar geleden,,,,,,,,1.0,,
tijf jaar geleden,,,,,,,,1.0,,
rueterdrie jaar geleden,,,,,,,,1.0,,
concentratiekampen jaar geleden,,,,,,,,1.0,,
schey jaar geleden,,,,,,,,1.0,,
331vijftig jaar geleden,,,,,,,,1.0,,
gekomenzes jaar geleden,,,,,,,,1.0,,
terwij jaar geleden,,,,,,,,1.0,,
aangevraagdhet jaar geleden,,,,,,,,1.0,,
franklindrieëneenhalf jaar geleden,,,,,,,,1.0,,
tvftee jaar geleden,,,,,,,,1.0,,
wie jaar geleden,,,,,,,,1.0,1.0,
itwee jaar geleden,,,,,,,,1.0,,
voetbalcarrière jaar geleden,,,,,,,,1.0,,
dividend passerenjaar geleden,,,,,,,,1.0,,
gezelschap jaar geleden,,,,,,,,1.0,,
vijfduizend jaar geleden,,,,,,,,1.0,,
brevet jaar geleden,,,,,,,,1.0,,
meespelenvijfentwintig jaar geleden,,,,,,,,1.0,,
éénentwintig jaar geleden,,,,,,,,1.0,,
idxerda jaar geleden,,,,,,,,1.0,,
geopendvier jaar geleden,,,,,,,,1.0,,
trouivens jaar geleden,,,,,,,,1.0,,
die ejaar geleden,,,,,,,,1.0,,
strijdtwee jaar geleden,,,,,,,,1.0,,
ijdrie jaar geleden,,,,,,,,1.0,,
twaau jaar geleden,,,,,,,,1.0,,
achtendertig jaar geleden,,,,,,,,1.0,,
lenneptwee jaar geleden,,,,,,,,1.0,,
hall jaar geleden,,,,,,,,1.0,2.0,
linghausen jaar geleden,,,,,,,,1.0,,
vliltlea jaar geleden,,,,,,,,1.0,,
ltl jaar geleden,,,,,,,,1.0,,
damefier jaar geleden,,,,,,,,1.0,,
duitsers jaar geleden,,,,,,,,1.0,,
larab jaar geleden,,,,,,,,1.0,,
ivi jaar geleden,,,,,,,,1.0,,
15000 jaar geleden,,,,,,,,1.0,,1.0
geen halfjaar geleden,,,,,,,,1.0,1.0,
vierenveertig jaar geleden,,,,,,,,1.0,1.0,2.0
polder jaar geleden,,,,,,,,1.0,,
door jaar geleden,,,,,,,,1.0,,
gewordenhall jaar geleden,,,,,,,,1.0,,
eitjewaalf jaar geleden,,,,,,,,1.0,,
cüie jaar geleden,,,,,,,,1.0,,
spoorwegen jaar geleden,,,,,,,,1.0,,
tién jaar geleden,,,,,,,,1.0,1.0,1.0
delen150 jaar geleden,,,,,,,,1.0,,
334 jaar geleden,,,,,,,,1.0,,
viereuteerfig jaar geleden,,,,,,,,1.0,,
miljard jaar geleden,,,,,,,,,12.0,9.0
viereneenhalf jaar geleden,,,,,,,,,5.0,1.0
begonnen jaar geleden,,,,,,,,,3.0,
dorp jaar geleden,,,,,,,,,2.0,
gezin jaar geleden,,,,,,,,,2.0,
olivero jaar geleden,,,,,,,,,2.0,
welke jaar geleden,,,,,,,,,2.0,
ven jaar geleden,,,,,,,,,2.0,1.0
tiental jaar geleden,,,,,,,,,2.0,1.0
veroorzaakte jaar geleden,,,,,,,,,2.0,
overigens jaar geleden,,,,,,,,,2.0,1.0
oostduitsland jaar geleden,,,,,,,,,2.0,
svetlana jaar geleden,,,,,,,,,2.0,
zeseneenhalf jaar geleden,,,,,,,,,2.0,
baar jaar geleden,,,,,,,,,2.0,
trouwden jaar geleden,,,,,,,,,2.0,
ontworpen jaar geleden,,,,,,,,,2.0,
iv4 jaar geleden,,,,,,,,,2.0,
electra jaar geleden,,,,,,,,,2.0,
slaat jaar geleden,,,,,,,,,2.0,
schietpartij jaar geleden,,,,,,,,,2.0,
25000 jaar geleden,,,,,,,,,2.0,
geval jaar geleden,,,,,,,,,2.0,
hbs jaar geleden,,,,,,,,,2.0,
zou jaar geleden,,,,,,,,,2.0,3.0
tweeëntwintig jaar geleden,,,,,,,,,2.0,2.0
vijfhonderd jaar geleden,,,,,,,,,2.0,4.0
achttal jaar geleden,,,,,,,,,2.0,
bijvoorbeeld jaar geleden,,,,,,,,,2.0,1.0
aeht jaar geleden,,,,,,,,,2.0,
stapel jaar geleden,,,,,,,,,2.0,
zevenentwintig jaar geleden,,,,,,,,,2.0,2.0
rens jaar geleden,,,,,,,,,2.0,
dirigentenloopbaan jaar geleden,,,,,,,,,2.0,
2700 jaar geleden,,,,,,,,,2.0,
2vi jaar geleden,,,,,,,,,2.0,
ijf jaar geleden,,,,,,,,,2.0,1.0
kan jaar geleden,,,,,,,,,1.0,
unie jaar geleden,,,,,,,,,1.0,
rondgereisd jaar geleden,,,,,,,,,1.0,
vijlden jaar geleden,,,,,,,,,1.0,
ilonderdtwaalf jaar geleden,,,,,,,,,1.0,
fonds jaar geleden,,,,,,,,,1.0,
vries jaar geleden,,,,,,,,,1.0,
vredesweek jaar geleden,,,,,,,,,1.0,
vliegerij jaar geleden,,,,,,,,,1.0,
totdat jaar geleden,,,,,,,,,1.0,
drieënhalf jaar geleden,,,,,,,,,1.0,
nep jaar geleden,,,,,,,,,1.0,
zei driejaar geleden,,,,,,,,,1.0,
heraclesgraafschapduizend jaar geleden,,,,,,,,,1.0,
debuutvier jaar geleden,,,,,,,,,1.0,
vijftij jaar geleden,,,,,,,,,1.0,
8650twee jaar geleden,,,,,,,,,1.0,
geweesttwaalf jaar geleden,,,,,,,,,1.0,
kennedy jaar geleden,,,,,,,,,1.0,
wereldoorlog jaar geleden,,,,,,,,,1.0,1.0
kamacivijfentwintig jaar geleden,,,,,,,,,1.0,
gehoudenzeven jaar geleden,,,,,,,,,1.0,
bosalynn jaar geleden,,,,,,,,,1.0,
wist jaar geleden,,,,,,,,,1.0,
latenelf jaar geleden,,,,,,,,,1.0,
zeggenken jaar geleden,,,,,,,,,1.0,
viei jaar geleden,,,,,,,,,1.0,
72500 jaar geleden,,,,,,,,,1.0,
395 jaar geleden,,,,,,,,,1.0,
xestig jaar geleden,,,,,,,,,1.0,
prat jaar geleden,,,,,,,,,1.0,
werddrie jaar geleden,,,,,,,,,1.0,
l2yi jaar geleden,,,,,,,,,1.0,
falange jaar geleden,,,,,,,,,1.0,
ftrsevier jaar geleden,,,,,,,,,1.0,
gingzeventig jaar geleden,,,,,,,,,1.0,
die driejaar geleden,,,,,,,,,1.0,
ito jaar geleden,,,,,,,,,1.0,
twae jaar geleden,,,,,,,,,1.0,
3vs jaar geleden,,,,,,,,,1.0,
600000 jaar geleden,,,,,,,,,1.0,
heijn jaar geleden,,,,,,,,,1.0,
jipcolsteunvier jaar geleden,,,,,,,,,1.0,
pennies jaar geleden,,,,,,,,,1.0,
htnßeen jaar geleden,,,,,,,,,1.0,
orde jaar geleden,,,,,,,,,1.0,
flats jaar geleden,,,,,,,,,1.0,
kunnenacht jaar geleden,,,,,,,,,1.0,
stad jaar geleden,,,,,,,,,1.0,
voerden jaar geleden,,,,,,,,,1.0,
westerns jaar geleden,,,,,,,,,1.0,
hongaren jaar geleden,,,,,,,,,1.0,
prins jaar geleden,,,,,,,,,1.0,
israël jaar geleden,,,,,,,,,1.0,
misdaden jaar geleden,,,,,,,,,1.0,
waarvan jaar geleden,,,,,,,,,1.0,
afptwaalf jaar geleden,,,,,,,,,1.0,
prijs jaar geleden,,,,,,,,,1.0,
evenement jaar geleden,,,,,,,,,1.0,
lectorpen jaar geleden,,,,,,,,,1.0,
ingekrompentwee jaar geleden,,,,,,,,,1.0,
overwinning jaar geleden,,,,,,,,,1.0,
zeveneneenhalf jaar geleden,,,,,,,,,1.0,
van honderdjaar geleden,,,,,,,,,1.0,
sitkovetsky jaar geleden,,,,,,,,,1.0,
bedrijf jaar geleden,,,,,,,,,1.0,
ongeveer vierjaar geleden,,,,,,,,,1.0,
overschievvga 451jaar geleden,,,,,,,,,1.0,
dreameracht jaar geleden,,,,,,,,,1.0,
ergste jaar geleden,,,,,,,,,1.0,
nederlandacht jaar geleden,,,,,,,,,1.0,
politiehondtwee jaar geleden,,,,,,,,,1.0,
smith driejaar geleden,,,,,,,,,1.0,
büna jaar geleden,,,,,,,,,1.0,
13000 jaar geleden,,,,,,,,,1.0,
diezo jaar geleden,,,,,,,,,1.0,
verloofde jaar geleden,,,,,,,,,1.0,
karinthië jaar geleden,,,,,,,,,1.0,
maakte jaar geleden,,,,,,,,,1.0,1.0
helpen jaar geleden,,,,,,,,,1.0,
beschuldigd jaar geleden,,,,,,,,,1.0,
bonderd jaar geleden,,,,,,,,,1.0,
verzoek jaar geleden,,,,,,,,,1.0,
detwee jaar geleden,,,,,,,,,1.0,
9482twee jaar geleden,,,,,,,,,1.0,
inzet jaar geleden,,,,,,,,,1.0,
3vi jaar geleden,,,,,,,,,1.0,
verhoogdtien jaar geleden,,,,,,,,,1.0,
balfier jaar geleden,,,,,,,,,1.0,
380drie jaar geleden,,,,,,,,,1.0,
acht jjaar geleden,,,,,,,,,1.0,
lnlfonduvier jaar geleden,,,,,,,,,1.0,
266 jaar geleden,,,,,,,,,1.0,
alles jaar geleden,,,,,,,,,1.0,
guerrerotwee jaar geleden,,,,,,,,,1.0,
dikke jaar geleden,,,,,,,,,1.0,
115 jaar geleden,,,,,,,,,1.0,1.0
dertii jaar geleden,,,,,,,,,1.0,
wsêmè jaar geleden,,,,,,,,,1.0,
nieuwsanderhalf jaar geleden,,,,,,,,,1.0,
195025 jaar geleden,,,,,,,,,1.0,
4070gbeen jaar geleden,,,,,,,,,1.0,
lvi jaar geleden,,,,,,,,,1.0,
twee ijaar geleden,,,,,,,,,1.0,
president jaar geleden,,,,,,,,,1.0,
napolitwee jaar geleden,,,,,,,,,1.0,
amper jaar geleden,,,,,,,,,1.0,
gemeenschapdrie jaar geleden,,,,,,,,,1.0,
mensenoffer jaar geleden,,,,,,,,,1.0,
elkaar jaar geleden,,,,,,,,,1.0,
bestuursfunctiestwintig jaar geleden,,,,,,,,,1.0,
ettj jaar geleden,,,,,,,,,1.0,
drié jaar geleden,,,,,,,,,1.0,
erop jaar geleden,,,,,,,,,1.0,
miljarde jaar geleden,,,,,,,,,1.0,
tim jaar geleden,,,,,,,,,1.0,
gang jaar geleden,,,,,,,,,1.0,
ïvi jaar geleden,,,,,,,,,1.0,
wilhclminju jaar geleden,,,,,,,,,1.0,
psychiatertwintig jaar geleden,,,,,,,,,1.0,
stortenzestig jaar geleden,,,,,,,,,1.0,
toestand jaar geleden,,,,,,,,,1.0,
metzien jaar geleden,,,,,,,,,1.0,
khomeiny jaar geleden,,,,,,,,,1.0,
dienstplicht jaar geleden,,,,,,,,,1.0,
opmerkelijke ontwikkelingjaar geleden,,,,,,,,,1.0,
voortbrengthen jaar geleden,,,,,,,,,1.0,
lijstkoopman jaar geleden,,,,,,,,,1.0,
iedereen jaar geleden,,,,,,,,,1.0,
bonheur jaar geleden,,,,,,,,,1.0,
geet jaar geleden,,,,,,,,,1.0,
zaak jaar geleden,,,,,,,,,1.0,
dat tweejaar geleden,,,,,,,,,1.0,
voss jaar geleden,,,,,,,,,1.0,
holthaus jaar geleden,,,,,,,,,1.0,
ondernemingen jaar geleden,,,,,,,,,1.0,
herdenken jaar geleden,,,,,,,,,1.0,
143 jaar geleden,,,,,,,,,1.0,
dan tweejaar geleden,,,,,,,,,1.0,
bondgenootschap jaar geleden,,,,,,,,,1.0,
betekenentien jaar geleden,,,,,,,,,1.0,
drieentwintig jaar geleden,,,,,,,,,1.0,
alom jaar geleden,,,,,,,,,1.0,
gauw jaar geleden,,,,,,,,,1.0,
bruinsmatwee jaar geleden,,,,,,,,,1.0,
verblijdde jaar geleden,,,,,,,,,1.0,
tuee jaar geleden,,,,,,,,,1.0,
2216575tien jaar geleden,,,,,,,,,1.0,
n08wegtransport jaar geleden,,,,,,,,,1.0,
10000 jaar geleden,,,,,,,,,1.0,6.0
stolkzeventien jaar geleden,,,,,,,,,1.0,
domvier jaar geleden,,,,,,,,,1.0,
doordringtzes jaar geleden,,,,,,,,,1.0,
ijftig jaar geleden,,,,,,,,,1.0,
weggetjesvijftien jaar geleden,,,,,,,,,1.0,
philippijnen jaar geleden,,,,,,,,,1.0,
oorlogsoperaties jaar geleden,,,,,,,,,1.0,
ticee jaar geleden,,,,,,,,,1.0,
startte jaar geleden,,,,,,,,,1.0,1.0
kist jaar geleden,,,,,,,,,1.0,
hen jaar geleden,,,,,,,,,1.0,
statistiektwintig jaar geleden,,,,,,,,,1.0,
lich jaar geleden,,,,,,,,,1.0,
105 jaar geleden,,,,,,,,,1.0,
365 jaar geleden,,,,,,,,,1.0,
duitend jaar geleden,,,,,,,,,1.0,
tapperij jaar geleden,,,,,,,,,1.0,
vromgmtien jaar geleden,,,,,,,,,1.0,
dayan jaar geleden,,,,,,,,,1.0,
832drie jaar geleden,,,,,,,,,1.0,
3655anderhalf jaar geleden,,,,,,,,,1.0,
muziekliefhebbers jaar geleden,,,,,,,,,1.0,
reuterdrie jaar geleden,,,,,,,,,1.0,
takachkerkhovenijf jaar geleden,,,,,,,,,1.0,
begin jaar geleden,,,,,,,,,1.0,1.0
maarsseneen jaar geleden,,,,,,,,,1.0,
zesentwintig jaar geleden,,,,,,,,,1.0,1.0
inmiddels jaar geleden,,,,,,,,,1.0,3.0
anpkop jaar geleden,,,,,,,,,1.0,
vierendertig jaar geleden,,,,,,,,,1.0,
profumoschandaal jaar geleden,,,,,,,,,1.0,
negenenveertig jaar geleden,,,,,,,,,1.0,
dorpsburgemeester jaar geleden,,,,,,,,,1.0,
zijndertig jaar geleden,,,,,,,,,1.0,
tweehónderd jaar geleden,,,,,,,,,1.0,
kawaaakieacht jaar geleden,,,,,,,,,1.0,
iwee jaar geleden,,,,,,,,,1.0,
elt jaar geleden,,,,,,,,,1.0,
iertien jaar geleden,,,,,,,,,1.0,
anderha jaar geleden,,,,,,,,,1.0,
kochten jaar geleden,,,,,,,,,1.0,
ouders jaar geleden,,,,,,,,,1.0,3.0
niet vjerjaar geleden,,,,,,,,,1.0,
voor bejaar geleden,,,,,,,,,1.0,
opende jaar geleden,,,,,,,,,1.0,
rohlingzeven jaar geleden,,,,,,,,,1.0,
3500 jaar geleden,,,,,,,,,1.0,
tweetal jaar geleden,,,,,,,,,1.0,
philips jaar geleden,,,,,,,,,1.0,
feyenoord vierjaar geleden,,,,,,,,,1.0,
tjerd jaar geleden,,,,,,,,,1.0,
veeftig jaar geleden,,,,,,,,,1.0,
doodvonnis jaar geleden,,,,,,,,,1.0,
loketterminalstwee jaar geleden,,,,,,,,,1.0,
aaßevier jaar geleden,,,,,,,,,1.0,
10670zes jaar geleden,,,,,,,,,1.0,
voortwee jaar geleden,,,,,,,,,1.0,
2100zestig jaar geleden,,,,,,,,,1.0,
waarin jaar geleden,,,,,,,,,1.0,
rugbyspel jaar geleden,,,,,,,,,1.0,
zijdewindvier jaar geleden,,,,,,,,,1.0,
eindigendrie jaar geleden,,,,,,,,,1.0,
kruisdertig jaar geleden,,,,,,,,,1.0,
wordt jaar geleden,,,,,,,,,1.0,
registreertveertien jaar geleden,,,,,,,,,1.0,
popscore anderhalfjaar geleden,,,,,,,,,1.0,
vielen jaar geleden,,,,,,,,,1.0,
tweey jaar geleden,,,,,,,,,1.0,
1961 jaar geleden,,,,,,,,,1.0,
gilbert jaar geleden,,,,,,,,,1.0,
veronica jaar geleden,,,,,,,,,1.0,
amrowestlandutrechttwee jaar geleden,,,,,,,,,1.0,
daalde jaar geleden,,,,,,,,,1.0,
_een jaar geleden,,,,,,,,,1.0,
juliana jaar geleden,,,,,,,,,1.0,
etienne jaar geleden,,,,,,,,,1.0,
moedertwee jaar geleden,,,,,,,,,1.0,
noggeen jaar geleden,,,,,,,,,1.0,
bouw jaar geleden,,,,,,,,,1.0,
hongarije jaar geleden,,,,,,,,,1.0,
optocht jaar geleden,,,,,,,,,1.0,
ft_9 jaar geleden,,,,,,,,,1.0,
botsingtwee jaar geleden,,,,,,,,,1.0,
afgelopen jaar geleden,,,,,,,,,1.0,
106 jaar geleden,,,,,,,,,1.0,
goede jaar geleden,,,,,,,,,1.0,
hollywood jaar geleden,,,,,,,,,1.0,
worden bevoorraadjaar geleden,,,,,,,,,1.0,
anpciittien jaar geleden,,,,,,,,,1.0,
larquévijf jaar geleden,,,,,,,,,1.0,
nodignegentien jaar geleden,,,,,,,,,1.0,
vijfiien jaar geleden,,,,,,,,,1.0,
enige centimetersjaar geleden,,,,,,,,,1.0,
353 jaar geleden,,,,,,,,,1.0,
zoon jaar geleden,,,,,,,,,1.0,
rotterdamtwee jaar geleden,,,,,,,,,1.0,
avrovijf jaar geleden,,,,,,,,,1.0,
tnee jaar geleden,,,,,,,,,1.0,
ontnomendertien jaar geleden,,,,,,,,,1.0,
citroen tweejaar geleden,,,,,,,,,1.0,
droomwereld jaar geleden,,,,,,,,,1.0,
gerwen jaar geleden,,,,,,,,,1.0,
hart ligtjaar geleden,,,,,,,,,1.0,
nit jaar geleden,,,,,,,,,1.0,
xxxvtwee jaar geleden,,,,,,,,,1.0,
istwee jaar geleden,,,,,,,,,1.0,
rechtspleging jaar geleden,,,,,,,,,1.0,
pcar jaar geleden,,,,,,,,,1.0,
aanbiedentien jaar geleden,,,,,,,,,1.0,
afgelost jaar geleden,,,,,,,,,1.0,
licht jaar geleden,,,,,,,,,1.0,
dnn jaar geleden,,,,,,,,,1.0,
doendertig jaar geleden,,,,,,,,,1.0,
leverde jaar geleden,,,,,,,,,1.0,
woensdagmiddaghalf jaar geleden,,,,,,,,,1.0,
garland jaar geleden,,,,,,,,,1.0,
vindendrie jaar geleden,,,,,,,,,1.0,
zetten jaar geleden,,,,,,,,,1.0,
uitgekiendtien jaar geleden,,,,,,,,,1.0,
mater jaar geleden,,,,,,,,,1.0,
geea jaar geleden,,,,,,,,,1.0,
6000 jaar geleden,,,,,,,,,1.0,1.0
ler jaar geleden,,,,,,,,,1.0,
baby jaar geleden,,,,,,,,,1.0,
scoorde jaar geleden,,,,,,,,,1.0,1.0
ervetwintig jaar geleden,,,,,,,,,1.0,
nood jaar geleden,,,,,,,,,1.0,
214 jaar geleden,,,,,,,,,1.0,
maivijf jaar geleden,,,,,,,,,1.0,
vertegenwoordigdtwaalf jaar geleden,,,,,,,,,1.0,
miljoennegen jaar geleden,,,,,,,,,1.0,
5470g1twee jaar geleden,,,,,,,,,1.0,
22fcdrie jaar geleden,,,,,,,,,1.0,
haattwee jaar geleden,,,,,,,,,1.0,
wolverhamptonboltontien jaar geleden,,,,,,,,,1.0,
geleverddrie jaar geleden,,,,,,,,,1.0,
wagen jaar geleden,,,,,,,,,1.0,
zijneen jaar geleden,,,,,,,,,1.0,
waardvier jaar geleden,,,,,,,,,1.0,
zeg jaar geleden,,,,,,,,,1.0,
dat_ jaar geleden,,,,,,,,,1.0,
voorzienvier jaar geleden,,,,,,,,,1.0,
bevrijding jaar geleden,,,,,,,,,1.0,
duys jaar geleden,,,,,,,,,1.0,
vier1 jaar geleden,,,,,,,,,1.0,
vgf jaar geleden,,,,,,,,,1.0,
vandrie jaar geleden,,,,,,,,,1.0,
tvcarrière jaar geleden,,,,,,,,,1.0,
zuidafrikatien jaar geleden,,,,,,,,,1.0,
jen jaar geleden,,,,,,,,,1.0,
61000vier jaar geleden,,,,,,,,,1.0,
uitzittenzeven jaar geleden,,,,,,,,,1.0,
bevestigdvijf jaar geleden,,,,,,,,,1.0,
boshardt jaar geleden,,,,,,,,,1.0,
allemaal jaar geleden,,,,,,,,,1.0,
voordelentwaalf jaar geleden,,,,,,,,,1.0,
circaanderhalf jaar geleden,,,,,,,,,1.0,
opponeerdeeen jaar geleden,,,,,,,,,1.0,
krijtendrie jaar geleden,,,,,,,,,1.0,
twinlig jaar geleden,,,,,,,,,1.0,
verkochttwaalf jaar geleden,,,,,,,,,1.0,
noordhollander jaar geleden,,,,,,,,,1.0,
700000 jaar geleden,,,,,,,,,1.0,1.0
460 jaar geleden,,,,,,,,,1.0,
ballet jaar geleden,,,,,,,,,1.0,
annie jaar geleden,,,,,,,,,1.0,
vijftienduizend jaar geleden,,,,,,,,,1.0,
111 jaar geleden,,,,,,,,,1.0,
levenssfeertien jaar geleden,,,,,,,,,1.0,
alleen jaar geleden,,,,,,,,,1.0,1.0
121 jaar geleden,,,,,,,,,1.0,
probsttwintig jaar geleden,,,,,,,,,1.0,
iei jaar geleden,,,,,,,,,1.0,
veiligheidsraad jaar geleden,,,,,,,,,1.0,
tweè jaar geleden,,,,,,,,,1.0,
naturelmeubelen jaar geleden,,,,,,,,,1.0,
41261100twee jaar geleden,,,,,,,,,1.0,
ruim 3jaar geleden,,,,,,,,,1.0,
vijftal jaar geleden,,,,,,,,,1.0,
ikdat jaar geleden,,,,,,,,,1.0,
kreeg jaar geleden,,,,,,,,,1.0,4.0
hebbenvijf jaar geleden,,,,,,,,,1.0,
hangen jaar geleden,,,,,,,,,1.0,
hattem jaar geleden,,,,,,,,,1.0,
185 jaar geleden,,,,,,,,,1.0,
miltoen jaar geleden,,,,,,,,,1.0,
negenenzeventig jaar geleden,,,,,,,,,1.0,
ctn jaar geleden,,,,,,,,,1.0,
verkommerennegenentwintig jaar geleden,,,,,,,,,1.0,
verbeterdeen jaar geleden,,,,,,,,,1.0,
bezoekers itweijaar geleden,,,,,,,,,1.0,
voet jaar geleden,,,,,,,,,1.0,
testten jaar geleden,,,,,,,,,1.0,
ncrv jaar geleden,,,,,,,,,1.0,
gemaakttwee jaar geleden,,,,,,,,,1.0,
3300 jaar geleden,,,,,,,,,1.0,1.0
scheefhonderd jaar geleden,,,,,,,,,1.0,
pakweg jaar geleden,,,,,,,,,,5.0
negenendertig jaar geleden,,,,,,,,,,3.0
150000 jaar geleden,,,,,,,,,,3.0
8000 jaar geleden,,,,,,,,,,3.0
20000 jaar geleden,,,,,,,,,,3.0
7000 jaar geleden,,,,,,,,,,2.0
35000 jaar geleden,,,,,,,,,,2.0
blijkt jaar geleden,,,,,,,,,,2.0
basis jaar geleden,,,,,,,,,,2.0
nadat jaar geleden,,,,,,,,,,2.0
14000 jaar geleden,,,,,,,,,,2.0
daarbij jaar geleden,,,,,,,,,,2.0
voorwerpen jaar geleden,,,,,,,,,,2.0
morgen jaar geleden,,,,,,,,,,2.0
rond jaar geleden,,,,,,,,,,2.0
eerste halfjaar geleden,,,,,,,,,,2.0
daarmee jaar geleden,,,,,,,,,,2.0
habitat jaar geleden,,,,,,,,,,2.0
tegenstander jaar geleden,,,,,,,,,,2.0
weekblad jaar geleden,,,,,,,,,,2.0
binnenkwamen jaar geleden,,,,,,,,,,2.0
375 jaar geleden,,,,,,,,,,2.0
145 jaar geleden,,,,,,,,,,2.0
fotografeerde jaar geleden,,,,,,,,,,2.0
verzekeringsmaatschappij jaar geleden,,,,,,,,,,2.0
3250 jaar geleden,,,,,,,,,,2.0
399 jaar geleden,,,,,,,,,,2.0
300000 jaar geleden,,,,,,,,,,2.0
eenenveertig jaar geleden,,,,,,,,,,2.0
pinochet jaar geleden,,,,,,,,,,1.0
bedreigdeen jaar geleden,,,,,,,,,,1.0
centimetertweeëntwintig jaar geleden,,,,,,,,,,1.0
groeptwee jaar geleden,,,,,,,,,,1.0
gesloteneen jaar geleden,,,,,,,,,,1.0
700900 jaar geleden,,,,,,,,,,1.0
plaats jaar geleden,,,,,,,,,,1.0
alexenfronkeneen jaar geleden,,,,,,,,,,1.0
vantwintig jaar geleden,,,,,,,,,,1.0
miljoentwintig jaar geleden,,,,,,,,,,1.0
respectievelijk jaar geleden,,,,,,,,,,1.0
mahler jaar geleden,,,,,,,,,,1.0
strijd jaar geleden,,,,,,,,,,1.0
gemotiveerdzes jaar geleden,,,,,,,,,,1.0
spiegeltien jaar geleden,,,,,,,,,,1.0
kortvijf jaar geleden,,,,,,,,,,1.0
sundström tweejaar geleden,,,,,,,,,,1.0
spock jaar geleden,,,,,,,,,,1.0
zwarten jaar geleden,,,,,,,,,,1.0
kip jaar geleden,,,,,,,,,,1.0
mijdrechtdrie jaar geleden,,,,,,,,,,1.0
geveer jaar geleden,,,,,,,,,,1.0
vart2 jaar geleden,,,,,,,,,,1.0
air jaar geleden,,,,,,,,,,1.0
vuziekenhuis jaar geleden,,,,,,,,,,1.0
biedtveertig jaar geleden,,,,,,,,,,1.0
lente jaar geleden,,,,,,,,,,1.0
eenjpaar jaar geleden,,,,,,,,,,1.0
dateerde jaar geleden,,,,,,,,,,1.0
baan jaar geleden,,,,,,,,,,1.0
caaadaeua jaar geleden,,,,,,,,,,1.0
schippcrsdag jaar geleden,,,,,,,,,,1.0
overkwam jaar geleden,,,,,,,,,,1.0
9200drie jaar geleden,,,,,,,,,,1.0
toert jaar geleden,,,,,,,,,,1.0
oprichtten jaar geleden,,,,,,,,,,1.0
menda jaar geleden,,,,,,,,,,1.0
orwell jaar geleden,,,,,,,,,,1.0
die ïjaar geleden,,,,,,,,,,1.0
zetelsvijfentwintig jaar geleden,,,,,,,,,,1.0
pembroke jaar geleden,,,,,,,,,,1.0
kamereen jaar geleden,,,,,,,,,,1.0
116 jaar geleden,,,,,,,,,,1.0
uurtweehonderdvijftig jaar geleden,,,,,,,,,,1.0
koestertzeventig jaar geleden,,,,,,,,,,1.0
beschermheilige jaar geleden,,,,,,,,,,1.0
die vierjaar geleden,,,,,,,,,,1.0
250000 jaar geleden,,,,,,,,,,1.0
maakteeen jaar geleden,,,,,,,,,,1.0
toneelspeler jaar geleden,,,,,,,,,,1.0
ettien jaar geleden,,,,,,,,,,1.0
innemeneen jaar geleden,,,,,,,,,,1.0
cullinct jaar geleden,,,,,,,,,,1.0
425 jaar geleden,,,,,,,,,,1.0
minister jaar geleden,,,,,,,,,,1.0
mntig jaar geleden,,,,,,,,,,1.0
amsterdamtwaalf jaar geleden,,,,,,,,,,1.0
1986 jaar geleden,,,,,,,,,,1.0
stalin jaar geleden,,,,,,,,,,1.0
gedragtien jaar geleden,,,,,,,,,,1.0
168 jaar geleden,,,,,,,,,,1.0
hormoon jaar geleden,,,,,,,,,,1.0
plant jaar geleden,,,,,,,,,,1.0
achthonderd jaar geleden,,,,,,,,,,1.0
comelis jaar geleden,,,,,,,,,,1.0
wordtdrie jaar geleden,,,,,,,,,,1.0
honderdtien jaar geleden,,,,,,,,,,1.0
wierden jaar geleden,,,,,,,,,,1.0
kamer jaar geleden,,,,,,,,,,1.0
carson jaar geleden,,,,,,,,,,1.0
tweeduizcn jaar geleden,,,,,,,,,,1.0
namen jaar geleden,,,,,,,,,,1.0
voelendrie jaar geleden,,,,,,,,,,1.0
karweitien jaar geleden,,,,,,,,,,1.0
scheppenvijf jaar geleden,,,,,,,,,,1.0
half1 jaar geleden,,,,,,,,,,1.0
toch jaar geleden,,,,,,,,,,1.0
doorhet jaar geleden,,,,,,,,,,1.0
toe jaar geleden,,,,,,,,,,1.0
40000 jaar geleden,,,,,,,,,,1.0
doet jaar geleden,,,,,,,,,,1.0
krijnen jaar geleden,,,,,,,,,,1.0
1420 jaar geleden,,,,,,,,,,1.0
bewind jaar geleden,,,,,,,,,,1.0
6470 jaar geleden,,,,,,,,,,1.0
ein jaar geleden,,,,,,,,,,1.0
vermengden jaar geleden,,,,,,,,,,1.0
jozef jaar geleden,,,,,,,,,,1.0
anwb jaar geleden,,,,,,,,,,1.0
eenendertig jaar geleden,,,,,,,,,,1.0
13356drie jaar geleden,,,,,,,,,,1.0
voorradeneen jaar geleden,,,,,,,,,,1.0
tweeëndertig jaar geleden,,,,,,,,,,1.0
moegabe jaar geleden,,,,,,,,,,1.0
amse jaar geleden,,,,,,,,,,1.0
verkeerslichttwee jaar geleden,,,,,,,,,,1.0
bentincks jaar geleden,,,,,,,,,,1.0
brengendrie jaar geleden,,,,,,,,,,1.0
jullie jaar geleden,,,,,,,,,,1.0
1750twee jaar geleden,,,,,,,,,,1.0
royceauto jaar geleden,,,,,,,,,,1.0
428anderhalf jaar geleden,,,,,,,,,,1.0
samrénnegen jaar geleden,,,,,,,,,,1.0
21z jaar geleden,,,,,,,,,,1.0
doetsvier jaar geleden,,,,,,,,,,1.0
8500 jaar geleden,,,,,,,,,,1.0
twec jaar geleden,,,,,,,,,,1.0
harbour jaar geleden,,,,,,,,,,1.0
2155 jaar geleden,,,,,,,,,,1.0
winnenzeven jaar geleden,,,,,,,,,,1.0
aangehouden jaar geleden,,,,,,,,,,1.0
hilderink jaar geleden,,,,,,,,,,1.0
kosterdrie jaar geleden,,,,,,,,,,1.0
etn jaar geleden,,,,,,,,,,1.0
730 jaar geleden,,,,,,,,,,1.0
vertrok jaar geleden,,,,,,,,,,1.0
goudhandel jaar geleden,,,,,,,,,,1.0
contactendertig jaar geleden,,,,,,,,,,1.0
schwarzkopf jaar geleden,,,,,,,,,,1.0
skeelersportacht jaar geleden,,,,,,,,,,1.0
vier ljaar geleden,,,,,,,,,,1.0
pleegkinderen jaar geleden,,,,,,,,,,1.0
jobevijftig jaar geleden,,,,,,,,,,1.0
open jaar geleden,,,,,,,,,,1.0
edemaconcern jaar geleden,,,,,,,,,,1.0
couwenhoveneen jaar geleden,,,,,,,,,,1.0
das jaar geleden,,,,,,,,,,1.0
gemachtigdetwintig jaar geleden,,,,,,,,,,1.0
12lt jaar geleden,,,,,,,,,,1.0
puntendrie jaar geleden,,,,,,,,,,1.0
moederschooltien jaar geleden,,,,,,,,,,1.0
5vi jaar geleden,,,,,,,,,,1.0
nicols jaar geleden,,,,,,,,,,1.0
gegaan vijfjaar geleden,,,,,,,,,,1.0
bedeeldhonderddertig jaar geleden,,,,,,,,,,1.0
presley jaar geleden,,,,,,,,,,1.0
voorzes jaar geleden,,,,,,,,,,1.0
rückblende jaar geleden,,,,,,,,,,1.0
bezighoudendrie jaar geleden,,,,,,,,,,1.0
jarredrie jaar geleden,,,,,,,,,,1.0
nelis jaar geleden,,,,,,,,,,1.0
ittersumvier jaar geleden,,,,,,,,,,1.0
schaakleven jaar geleden,,,,,,,,,,1.0
vijfëneenhalf jaar geleden,,,,,,,,,,1.0
183 jaar geleden,,,,,,,,,,1.0
speelde jaar geleden,,,,,,,,,,1.0
dan 300jaar geleden,,,,,,,,,,1.0
beide jaar geleden,,,,,,,,,,1.0
70000 jaar geleden,,,,,,,,,,1.0
verbeterdtwintig jaar geleden,,,,,,,,,,1.0
woningverkoop jaar geleden,,,,,,,,,,1.0
arendt jaar geleden,,,,,,,,,,1.0
verhuizenvier jaar geleden,,,,,,,,,,1.0
pioenschaptwee jaar geleden,,,,,,,,,,1.0
herberghzes jaar geleden,,,,,,,,,,1.0
besloot jaar geleden,,,,,,,,,,1.0
semler jaar geleden,,,,,,,,,,1.0
betalentwee jaar geleden,,,,,,,,,,1.0
utrechteen jaar geleden,,,,,,,,,,1.0
dubcek jaar geleden,,,,,,,,,,1.0
behaalde jaar geleden,,,,,,,,,,1.0
delegatie jaar geleden,,,,,,,,,,1.0
overleefdenanderhalf jaar geleden,,,,,,,,,,1.0
396vijftig jaar geleden,,,,,,,,,,1.0
echtgenoot jaar geleden,,,,,,,,,,1.0
canveertig jaar geleden,,,,,,,,,,1.0
dalentwee jaar geleden,,,,,,,,,,1.0
uefabeker eenhalfjaar geleden,,,,,,,,,,1.0
6390twee jaar geleden,,,,,,,,,,1.0
sterker jaar geleden,,,,,,,,,,1.0
wolkers jaar geleden,,,,,,,,,,1.0
opmerking jaar geleden,,,,,,,,,,1.0
1830 jaar geleden,,,,,,,,,,1.0
366 jaar geleden,,,,,,,,,,1.0
dat halfjaar geleden,,,,,,,,,,1.0
oorspronkelijke jaar geleden,,,,,,,,,,1.0
christina jaar geleden,,,,,,,,,,1.0
paceili jaar geleden,,,,,,,,,,1.0
cellist jaar geleden,,,,,,,,,,1.0
gemeldvier jaar geleden,,,,,,,,,,1.0
2100 jaar geleden,,,,,,,,,,1.0
obligatiemarktvijftien jaar geleden,,,,,,,,,,1.0
toetankamon jaar geleden,,,,,,,,,,1.0
telesportdriehonderd jaar geleden,,,,,,,,,,1.0
rechterwenkbrauween jaar geleden,,,,,,,,,,1.0
beter jaar geleden,,,,,,,,,,1.0
hr_l jaar geleden,,,,,,,,,,1.0
ontstond jaar geleden,,,,,,,,,,1.0
bothavier jaar geleden,,,,,,,,,,1.0
inval jaar geleden,,,,,,,,,,1.0
corporation jaar geleden,,,,,,,,,,1.0
exact jaar geleden,,,,,,,,,,1.0
oggel jaar geleden,,,,,,,,,,1.0
poffertjesbakker jaar geleden,,,,,,,,,,1.0
10208045ongeveer jaar geleden,,,,,,,,,,1.0
diie jaar geleden,,,,,,,,,,1.0
miljardtwintig jaar geleden,,,,,,,,,,1.0
holiday jaar geleden,,,,,,,,,,1.0
1250 jaar geleden,,,,,,,,,,1.0
wisseltentoonstellingeneen jaar geleden,,,,,,,,,,1.0
dalhuysenzes jaar geleden,,,,,,,,,,1.0
151 jaar geleden,,,,,,,,,,1.0
ingenieurs jaar geleden,,,,,,,,,,1.0
242 jaar geleden,,,,,,,,,,1.0
deden jaar geleden,,,,,,,,,,1.0
16800vijf jaar geleden,,,,,,,,,,1.0
jwr jaar geleden,,,,,,,,,,1.0
4vt jaar geleden,,,,,,,,,,1.0
ventwaalf jaar geleden,,,,,,,,,,1.0
verscheen jaar geleden,,,,,,,,,,1.0
90000 jaar geleden,,,,,,,,,,1.0
indien jaar geleden,,,,,,,,,,1.0
competitieeen jaar geleden,,,,,,,,,,1.0
ij__ jaar geleden,,,,,,,,,,1.0
arbeidersopstand jaar geleden,,,,,,,,,,1.0
onderzoek jaar geleden,,,,,,,,,,1.0
vgeen jaar geleden,,,,,,,,,,1.0
zeeman jaar geleden,,,,,,,,,,1.0
dricëntwintig jaar geleden,,,,,,,,,,1.0
108 jaar geleden,,,,,,,,,,1.0
voordeelvijf jaar geleden,,,,,,,,,,1.0
burgervadernegen jaar geleden,,,,,,,,,,1.0
royzeven jaar geleden,,,,,,,,,,1.0
vogelanderhalf jaar geleden,,,,,,,,,,1.0
4045 jaar geleden,,,,,,,,,,1.0
von jaar geleden,,,,,,,,,,1.0
jitentwintig jaar geleden,,,,,,,,,,1.0
over jaar geleden,,,,,,,,,,1.0
moe jaar geleden,,,,,,,,,,1.0
afpapreutertien jaar geleden,,,,,,,,,,1.0
109 jaar geleden,,,,,,,,,,1.0
hoofdprijstwee jaar geleden,,,,,,,,,,1.0
maal jaar geleden,,,,,,,,,,1.0
uitspraak jaar geleden,,,,,,,,,,1.0
isobel jaar geleden,,,,,,,,,,1.0
stappenbeldeen jaar geleden,,,,,,,,,,1.0
1850 jaar geleden,,,,,,,,,,1.0
erhardt jaar geleden,,,,,,,,,,1.0
920110 jaar geleden,,,,,,,,,,1.0
uitgelegdtwee jaar geleden,,,,,,,,,,1.0
34000 jaar geleden,,,,,,,,,,1.0
107 jaar geleden,,,,,,,,,,1.0
race jaar geleden,,,,,,,,,,1.0
7800 jaar geleden,,,,,,,,,,1.0
bridge jaar geleden,,,,,,,,,,1.0
toestel jaar geleden,,,,,,,,,,1.0
1985 jaar geleden,,,,,,,,,,1.0
twinti jaar geleden,,,,,,,,,,1.0
153 jaar geleden,,,,,,,,,,1.0
want vijfjaar geleden,,,,,,,,,,1.0
films jaar geleden,,,,,,,,,,1.0
werelddierensprookjesboek jaar geleden,,,,,,,,,,1.0
premièretwee jaar geleden,,,,,,,,,,1.0
inductiefvier jaar geleden,,,,,,,,,,1.0
crestey jaar geleden,,,,,,,,,,1.0
joden jaar geleden,,,,,,,,,,1.0
verwijtenelf jaar geleden,,,,,,,,,,1.0
uitzagachttien jaar geleden,,,,,,,,,,1.0
verhuisde jaar geleden,,,,,,,,,,1.0
voorkomenvijftien jaar geleden,,,,,,,,,,1.0
burgeroorlog jaar geleden,,,,,,,,,,1.0
klm jaar geleden,,,,,,,,,,1.0
vmêk jaar geleden,,,,,,,,,,1.0
ons jaar geleden,,,,,,,,,,1.0
beschiktvijf jaar geleden,,,,,,,,,,1.0
zijn vijfjaar geleden,,,,,,,,,,1.0
ijlm jaar geleden,,,,,,,,,,1.0
rechts jaar geleden,,,,,,,,,,1.0
politieanderhalf jaar geleden,,,,,,,,,,1.0
zuivelindustrietwee jaar geleden,,,,,,,,,,1.0
landeen jaar geleden,,,,,,,,,,1.0
eerste jaar geleden,,,,,,,,,,1.0
arbeidsplaatsentwee jaar geleden,,,,,,,,,,1.0
weren jaar geleden,,,,,,,,,,1.0
dollareen jaar geleden,,,,,,,,,,1.0
483 jaar geleden,,,,,,,,,,1.0
mensen jaar geleden,,,,,,,,,,1.0
hierdrie jaar geleden,,,,,,,,,,1.0
james jaar geleden,,,,,,,,,,1.0
bereikttwee jaar geleden,,,,,,,,,,1.0
vvel jaar geleden,,,,,,,,,,1.0
cetebiprecies jaar geleden,,,,,,,,,,1.0
335 jaar geleden,,,,,,,,,,1.0
neerstrijken jaar geleden,,,,,,,,,,1.0
173 jaar geleden,,,,,,,,,,1.0
bene jaar geleden,,,,,,,,,,1.0
deftig jaar geleden,,,,,,,,,,1.0
666 jaar geleden,,,,,,,,,,1.0
waaronder jaar geleden,,,,,,,,,,1.0
dik halfjaar geleden,,,,,,,,,,1.0
gegeventien jaar geleden,,,,,,,,,,1.0
muttertwee jaar geleden,,,,,,,,,,1.0
ijftien jaar geleden,,,,,,,,,,1.0
enpaar jaar geleden,,,,,,,,,,1.0
twë jaar geleden,,,,,,,,,,1.0
beroepsstayer jaar geleden,,,,,,,,,,1.0
yamahatien jaar geleden,,,,,,,,,,1.0
negeneneenhalf jaar geleden,,,,,,,,,,1.0
verwachten jaar geleden,,,,,,,,,,1.0
hagens jaar geleden,,,,,,,,,,1.0
methode jaar geleden,,,,,,,,,,1.0
markentwee jaar geleden,,,,,,,,,,1.0
veranderdzeventig jaar geleden,,,,,,,,,,1.0
krijgentwee jaar geleden,,,,,,,,,,1.0
danyf10 jaar geleden,,,,,,,,,,1.0
castro jaar geleden,,,,,,,,,,1.0
ittersum jaar geleden,,,,,,,,,,1.0
nouba jaar geleden,,,,,,,,,,1.0
stopte jaar geleden,,,,,,,,,,1.0
sterfdag jaar geleden,,,,,,,,,,1.0
harris jaar geleden,,,,,,,,,,1.0
gevallen jaar geleden,,,,,,,,,,1.0
117000een jaar geleden,,,,,,,,,,1.0
inderdaad jaar geleden,,,,,,,,,,1.0
aar jaar geleden,,,,,,,,,,1.0
arendsoogjaar jaar geleden,,,,,,,,,,1.0
ontduikingssysteem jaar geleden,,,,,,,,,,1.0
bemetenvijf jaar geleden,,,,,,,,,,1.0
frackers jaar geleden,,,,,,,,,,1.0
liefst jaar geleden,,,,,,,,,,1.0
11847negen jaar geleden,,,,,,,,,,1.0
lsen jaar geleden,,,,,,,,,,1.0
namibië jaar geleden,,,,,,,,,,1.0
wegdektien jaar geleden,,,,,,,,,,1.0
tactisch jaar geleden,,,,,,,,,,1.0
middelburgongeveer jaar geleden,,,,,,,,,,1.0
